slope,measured,predicted
20.7577,11.5932,22.735836315155
19.3984,9.75098,20.1899696350098
15.4902,7.04533,17.4641016483307
13.211,,3.23294,9.57830371856689
10.5991,2.32915,11.4227909088135
12.6545,2.27194,11.0419271945953
14.6709,5.43642,11.7817028522491
17.2534,5.52268,15.6341461658478
14.5657,2.75033,12.3629097938538
15.4983,9.19471,16.1379063606262
24.3473,13.0101,22.5147401809692
27.0427,14.6238,19.8948588371277
22.6372,9.91874,19.3488464832306
20.9948,9.79197,22.7589304924011
18.9721,8.82564,17.3134434700012
22.986,,10.6232,23.3686730384827
16.1711,6.27904,12.9252152919769
17.1175,4.02216,14.3483370780945
13.3605,4.6831,,11.3320744514465
14.51,,,5.99782,11.2990419864655
18.936,,6.24021,16.6464434146881
14.2741,4.81281,13.1012187957764
22.117,,11.0265,21.2938687324524
22.4798,11.045,,17.572705078125
26.9781,8.60381,17.9880548477173
23.9507,11.266,,23.1390192985535
19.0747,11.7395,18.4006837368011
20.3498,8.74052,15.3293543338776
19.5316,8.42326,18.729686832428
25.4032,11.3115,17.8449358940125
22.6549,11.1354,22.4543874740601
27.5858,18.5268,21.6477824211121
24.413,,10.8944,24.4826012611389
20.5625,6.08853,13.8910885334015
22.5412,6.21558,16.7794250965118
23.6087,9.10459,15.8887716293335
21.3314,9.13076,24.12425365448
17.4766,6.18715,14.4030914306641
20.1856,8.97124,18.779571390152
19.712,,8.31462,20.1394510269165
18.0573,6.03774,13.2051601886749
24.9178,7.85529,20.5394912719727
24.8686,10.2819,20.6662682533264
25.2773,6.88056,20.0976797103882
24.3636,9.57647,19.6417564868927
28.3021,7.63053,20.4532677650452
21.0528,9.05213,17.7144448280334
16.369,,5.6268,,14.6545636177063
14.1768,6.12552,14.6797522068024
8.78061,3.5294,,8.23020203113556
7.80153,2.68397,9.50161604881287
7.37376,3.7225,,11.3357808113098
24.2572,19.3718,22.9197441101074
11.0601,7.21063,13.339580821991
26.745,,23.3669,25.627801322937
20.0253,17.8259,20.6977921485901
12.5252,9.97154,15.9106188774109
19.0034,16.983,,20.7912466049194
16.7585,13.9798,22.7712755203247
24.5691,23.5303,25.6058562278748
23.4133,21.3712,25.1259371757507
26.1655,23.5424,26.6237197875977
19.7241,18.2127,23.3259341239929
27.3931,23.3618,25.8590579986572
19.4018,12.4069,21.5317786216736
29.5194,25.426,,25.1083438873291
17.1956,8.87885,15.7306840896606
23.0131,13.3869,21.8092599868774
12.4722,7.62933,12.1577608108521
20.9107,17.4208,23.8275494575501
15.9965,9.22881,17.5103407859802
21.0485,15.9498,24.2166491508484
18.3372,12.9523,19.3576870918274
20.8885,11.1557,23.154248046875
21.3004,13.6146,19.6417240619659
20.8654,10.7056,21.9296192169189
26.6582,14.3959,21.614560508728
19.3265,8.38252,10.7933533668518
25.5502,14.9857,17.2487510681152
17.9593,7.1302,,14.3409337043762
10.5931,3.24817,10.0485636234283
12.1518,3.44769,9.79266953468323
13.549,,3.5318,,14.2120517253876
9.12597,1.3325,,10.5727009773254
8.74622,2.50181,8.59188833236694
13.9191,4.52848,11.5640837192535
8.47571,5.04126,9.91291735172272
10.6276,6.00115,12.4534446239471
10.0192,6.37622,11.6968047142029
13.3335,5.80749,13.8173931598663
13.6067,8.98206,15.0288938045502
12.29,,,8.34666,12.0893077850342
23.0461,16.2793,23.0581122398376
21.1311,14.9093,21.719890499115
26.2192,12.6432,21.6202036857605
12.0181,3.16889,10.9736563682556
19.8946,4.50259,16.2034634113312
15.9518,4.69531,13.2353067398071
21.123,,6.88825,15.1580032348633
23.0396,9.6579,,14.0357815265656
11.5664,2.99394,11.2988805770874
14.1042,3.43987,12.0655589580536
10.3775,1.9402,,10.5997065067291
12.2325,2.11188,10.5803906917572
14.0754,6.47279,12.6568923473358
22.8516,8.59659,20.9991808891296
24.557,,9.37579,23.0701378822327
19.7342,9.82017,19.5478769302368
9.79013,4.58875,11.4381715297699
12.3017,7.32583,11.339591550827
8.23147,5.19344,10.0547103643417
11.763,,8.27692,12.1711483478546
21.6473,7.17459,19.9027130126953
24.1297,13.2353,21.4909546852112
23.0976,8.12555,18.2187665462494
21.6615,8.87408,10.7751421928406
15.6014,3.91192,11.9116039276123
19.2329,6.92274,17.7887223243713
16.3995,4.68328,12.7145351886749
17.7614,6.74241,14.8039381027222
22.5823,7.6571,,14.394860458374
28.4586,16.1203,24.5613968849182
19.7668,14.8875,24.7183716773987
19.1296,10.7811,17.4289249420166
9.03062,4.48399,11.0754331588745
19.8694,11.0042,20.1858748912811
15.5348,6.00044,15.8064758300781
24.9366,6.91608,15.5690887928009
22.0218,9.47283,18.7495775699616
12.732,,3.47935,11.1357213497162
10.3327,3.222,,,11.1312489509583
16.3317,8.01779,20.2363218307495
6.62356,2.50165,7.74209237098694
14.5182,9.68316,14.6373071193695
11.2601,4.09543,8.85398709774017
14.363,,6.38681,15.6126126766205
9.1787,,5.07438,12.7980375289917
13.7881,8.5129,,13.2882252216339
10.6045,7.29409,11.5708158969879
11.5696,7.5152,,13.1385650634766
13.4816,11.1645,16.8639754295349
23.2983,18.1043,22.6540997505188
24.3718,18.5535,26.1330585479736
21.1575,19.0255,23.4163473129272
32.474,,23.5753,27.0789779663086
30.5934,22.9203,24.8147391319275
25.2735,10.0636,23.6239925384521
23.4872,6.35418,20.3661947250366
22.7293,9.73292,17.8212614536285
18.1019,10.0541,17.0722335338593
15.3628,9.98787,21.512731552124
15.7961,13.4118,19.0745060920715
19.2494,15.1366,20.2630770683289
16.7935,13.6121,19.6643162250519
23.406,,11.7152,19.0669442176819
29.4149,16.2464,22.4951826095581
22,,13.0096,22.6053095817566
30.7617,25.0919,22.3771034240723
23.3372,22.3321,24.2450432777405
21.9593,20.1511,21.1080458641052
10.834,,5.52771,11.3087346553802
10.6881,5.95229,10.9757537841797
7.45925,2.51579,7.97996950149536
8.85363,2.5984,,11.4413257598877
6.72004,1.98931,9.22035114765167
19.1296,6.84173,13.0221652507782
10.9435,4.54958,10.8588719367981
7.94331,1.03341,9.68433256149292
8.44922,1.72965,10.1320204257965
6.64278,0.873714,,,,9.73718736171722
7.19561,2.60369,8.85609624385834
8.83612,2.27998,9.93128633499146
8.11355,1.39133,10.3731214046478
8.69817,1.00231,9.92568769454956
6.743,,,0.919368,,,,9.59582545757294
8.6166,,0.567818,,,,9.52050170898438
8.9174,,2.06604,9.47396399974823
8.77423,1.34065,9.64303722381592
20.7129,7.8275,,14.3187243938446
7.1305,,1.32443,9.78930253982544
19.9036,11.5085,11.7874473571777
6.72836,2.04796,8.95458300113678
8.96773,1.23085,9.999769115448
9.16236,2.2041,,10.3704356193542
7.61987,1.29281,10.0370509624481
8.41432,1.06836,9.72879540920258
6.80963,1.04425,9.77101449966431
8.46011,2.76149,9.353844165802
8.93517,1.20422,10.0477846860886
8.47317,1.03858,9.87607908248901
6.34796,0.887854,,,,9.35485854148865
7.94318,1.14629,9.63151519298554
7.49244,1.74076,9.95199241638184
8.93031,2.78431,11.2591463565826
6.93113,1.5214,,8.92722496986389
8.4894,,1.43929,9.28731164932251
6.88411,1.38394,9.99047431945801
10.2847,4.40905,9.35872030258179
8.32333,1.4262,,9.61188013553619
8.52453,1.11635,9.9918128490448
7.22407,1.42195,9.64475889205933
8.67726,1.1196,,9.77440929412842
9.07806,2.7731,,10.146707201004
9.7336,,1.5153,,10.6399050235748
9.22673,1.06871,9.58913593292236
7.30281,1.17025,9.98474359512329
8.6384,,0.879752,,,,9.62404053211212
8.60671,1.19579,10.1316682815552
7.89134,1.86577,8.75141496658325
9.59977,1.66716,9.95499556064606
6.99192,1.11682,9.35142028331757
8.55536,1.15299,10.072202038765
8.35797,2.03297,9.51215558052063
9.69018,2.04931,10.5293111801147
7.50923,1.43759,9.84187741279602
9.42409,1.73015,10.4195964813232
7.57908,1.1179,,9.96763491630554
7.86392,2.37807,8.63112759590149
9.75163,3.1111,,11.616264295578
7.03244,1.09332,9.7734925031662
8.88578,1.33606,9.8701292514801
7.32969,1.05756,9.44581625461579
8.43719,2.67737,9.51909925937653
8.77835,1.72189,10.0753800392151
7.56243,1.01141,9.88368756771088
9.32263,1.93816,10.1617460250855
7.80384,0.645477,,,,9.32353019714356
9.88251,1.67543,10.3413784503937
9.69071,1.61158,10.5443933963776
17.5402,8.77765,14.645679473877
14.097,,5.23429,10.5497977733612
21.919,,13.0404,17.108745765686
12.727,,5.36146,11.3698802947998
9.10824,1.67951,10.63392329216
8.73411,1.82393,10.9542427539825
9.05423,0.994199,,,,9.65475904941559
7.18737,1.44438,10.345919418335
8.58426,1.06396,9.55518729686737
6.82785,2.03079,10.7416591644287
6.2305,,1.31032,9.95189273357391
8.94187,1.34096,10.2163877010345
6.34071,1.0958,,9.54982075691223
6.9688,,1.87597,9.4740700006485
10.7635,8.48419,12.7986474990845
10.6747,5.53794,14.9815227985382
18.7971,16.8115,21.3246644020081
22.7368,19.2451,23.0942141532898
14.0791,11.0131,18.310907459259
15.5999,9.64588,18.9792285919189
16.9252,11.3927,20.8829895019531
20.8948,14.6067,24.7912394523621
20.1336,15.8599,22.4817039489746
20.3891,13.2052,23.1757620811462
27.6472,17.5597,25.0287495613098
14.1537,5.84162,18.5118838310242
14.5027,3.40417,11.9325356960297
7.80483,1.5665,,9.83546741008759
11.9305,1.96695,10.7517342090607
12.0436,2.7368,,11.3141592979431
9.50579,1.57952,9.74962000846863
7.838,,,1.59809,9.4592366695404
8.70578,1.35356,9.64587309360504
6.62162,1.49173,9.82701334953308
7.33976,1.3018,,10.0991969347
8.01235,1.21294,9.74393644332886
7.00703,2.2272,,9.1204318523407
8.96646,2.39451,9.96800720691681
6.98944,1.30132,9.6396271944046
8.41683,1.15573,9.7575510263443
7.34354,2.08787,10.4546429157257
9.41203,1.95481,10.7284536838532
7.83033,1.85053,11.0875060558319
7.52936,1.25416,10.2928375720978
8.06975,1.80692,10.1548488616943
8.95742,1.41824,10.0053097486496
7.32467,1.82242,10.4912787914276
7.14733,1.10986,9.86448636054993
7.98207,1.25091,9.77877953052521
7.17912,2.03456,10.432382440567
9.34041,3.30394,9.48730118274689
7.30745,1.1719,,9.64536752700806
8.10974,1.33859,9.40830292701721
7.27992,2.04244,10.0334571123123
8.79615,2.0225,,8.88371124267578
7.20528,1.42426,10.036260008812
7.87581,0.495084,,,,9.32102439403534
8.09435,1.96138,11.1672945022583
8.85459,1.26043,9.70646138191223
7.91175,1.95554,9.38646562099457
7.35677,1.12359,9.71961557865143
8.46079,1.37552,10.3706527709961
6.75006,1.87057,9.620751786232
9.47935,4.22826,10.1775091171265
7.42928,1.78909,9.63292090892792
8.08597,1.02135,9.88017826080322
7.59135,2.03246,9.48267126083374
8.85132,2.09678,9.0511344909668
7.06343,2.07886,10.3627213001251
7.19017,1.10168,9.84371695518494
7.60181,1.54832,10.3298710823059
8.19347,1.158,,,10.2299606800079
7.27889,1.50267,9.50506873130798
10.7235,4.96275,12.3386790275574
7.37397,1.03881,9.59961941242218
7.94087,0.979931,,,,9.87353162765503
6.92604,1.6185,,9.88530316352844
8.82894,2.91056,8.63474960327148
7.1594,,1.53462,9.36815598011017
8.03446,1.24444,9.7641964673996
7.38064,1.9297,,9.21602900028229
9.10408,3.01714,9.71917612552643
7.36075,1.63246,10.2086968898773
7.67972,1.10339,9.86112148761749
8.35759,2.07581,10.1712018013001
8.68061,1.35307,10.6542409420013
7.01249,1.34737,9.92660095691681
7.08507,1.34537,10.2338031291962
8.90669,1.23896,10.3580759525299
8.0362,,1.62803,9.53225474357605
10.1511,4.09373,11.015743637085
6.93027,1.07079,9.4677491903305
7.73074,0.783162,,,,9.53057248592377
7.23709,1.66049,10.3362790107727
8.89647,2.21237,9.95824751853943
7.10791,1.49203,9.40650367736816
7.29158,0.663718,,,,9.14685578346252
7.94562,1.84771,10.363929271698
8.77008,1.80083,10.5356506824493
7.018,,,1.1516,,9.51147274971008
10.3362,3.36176,10.1678997039795
7.84232,1.33672,10.3366132736206
8.55904,1.45285,10.1073629379272
11.9508,3.61725,13.3915571212769
9.90292,2.9571,,10.858079624176
13.1648,3.38141,12.8694615364075
10.0641,2.61054,11.8502014160156
10.9457,2.54536,12.5814727306366
9.53068,3.24108,10.1701058387756
10.7781,4.41275,14.2575186252594
10.3071,3.66193,11.0991545677185
19.3936,6.55012,17.9411548137665
7.53779,2.17223,9.0594654083252
13.1216,3.08785,11.1519843578339
7.11185,1.58627,10.219025850296
14.0017,4.48296,11.0434564113617
7.32064,1.29451,10.3355861663818
7.86354,1.86991,10.8032616138458
8.35019,1.32969,10.5779971599579
8.07746,2.12306,10.5513872146606
12.8889,6.34861,9.09589700698853
8.25356,1.85419,10.4671204090118
9.74673,2.1602,,9.51645803451538
7.75395,1.2165,,10.1123312950134
9.30926,2.47045,8.9461920261383
9.6965,,2.46225,10.1273659706116
7.18015,1.68546,9.70635693073273
9.7692,,1.67005,10.3064470291138
8.11853,2.04113,8.70292501449585
10.5318,4.43397,11.7217314720154
8.60125,2.81748,9.23739833831787
8.94007,4.04037,8.03078260421753
10.1674,4.81453,11.4561793804169
7.22181,2.95448,7.56837182044983
8.80805,3.71591,10.1553975582123
8.26366,2.46673,8.26699576377869
9.48715,3.5392,,9.59155623912811
7.37511,2.80732,7.29736995697022
8.43754,2.32755,8.74235899448395
7.65706,2.58478,8.02151002883911
7.93597,3.13726,10.299295425415
10.1432,4.10731,9.78340640068054
7.4159,,1.95123,8.33755977153778
8.85718,2.06468,11.0362225055695
7.3485,,1.96908,9.02560007572174
8.67385,3.81845,11.6685947418213
8.13209,2.22281,8.4665860414505
8.60188,2.21494,7.87253401279449
9.73936,3.64254,10.3270084381104
7.02212,2.07836,8.3153116941452
8.03782,2.54988,7.71298162937164
8.38675,2.16689,10.337128162384
9.19621,3.05039,9.96189086437225
7.06328,1.88815,8.23139462471008
8.62374,1.60117,8.90236847400665
7.21566,1.61335,9.34215533733368
8.64462,2.66318,9.06027679443359
9.24165,4.21275,11.6746433258057
7.46409,1.95595,9.92108306884766
8.4918,,2.03578,9.69284100532532
6.82359,1.29068,9.71450562477112
7.80703,1.84635,10.5343539714813
8.56277,1.99707,9.20420024394989
8.55305,1.48577,9.69209020137787
7.82715,1.58169,9.42053320407867
9.54474,1.32993,10.0543999910355
7.48525,2.15426,8.52134284973145
8.85028,2.65225,11.874512052536
7.79613,1.65752,9.61621091365814
8.94973,1.71517,10.1048294067383
7.17817,1.52043,10.0557626962662
8.77091,3.07649,10.8441507339478
8.18829,1.66114,9.89871275424957
8.53743,1.26039,9.41948487758636
7.03874,1.13063,9.68104295730591
8.54814,0.656278,,,,9.3254420042038
7.83657,1.66364,10.0967408180237
8.71372,1.60367,10.0073884010315
8.34768,1.41311,9.46899890899658
7.06551,1.39418,9.11040327548981
8.34011,1.12766,9.64369421005249
7.92979,1.88013,9.46468713283539
9.10315,1.38036,9.60435993671417
8.69225,1.38982,9.99466419219971
7.42358,1.37124,9.60133657455445
8.55976,1.44648,10.0671192169189
8.50413,1.58015,8.7690934419632
9.18001,1.82015,9.20275859832764
7.24119,1.14339,9.35783648490906
8.99368,0.87223,9.35555009841919
6.92946,1.23972,9.74196672439575
8.9175,,2.77223,10.7945578575134
7.85278,1.50235,9.92736656665802
8.97463,1.40966,10.2275027275085
10.4772,2.24521,9.34781670570374
8.387,,,1.45102,10.4857143878937
7.69832,2.26154,10.3565101623535
8.52839,1.10095,9.68563685417175
8.61621,0.977266,,,,9.57682340145111
6.90759,1.02588,9.35449123382568
8.32506,0.902229,,,,9.83997709751129
7.08786,1.55837,10.585255241394
14.9632,6.72282,11.1243299007416
7.06302,0.787433,,,,9.48943104743958
8.2609,,1.91555,10.1478993415833
6.59441,0.885406,,,,9.69751219749451
8.68452,2.53944,9.55866775512695
8.48158,0.956731,,,,9.81327347755432
8.19074,0.972528,,,,9.83704564571381
6.50342,1.40864,10.0435738563538
7.58045,2.30853,10.5494461536407
9.16091,1.07458,10.2249050617218
8.455,,,1.09009,9.43313710689545
6.39626,0.659598,,,,9.26207594871521
8.23315,1.32323,10.128386926651
6.72732,1.89481,10.8151176929474
9.45073,3.4746,,9.7822240114212
6.85109,1.14892,9.52026147842407
8.69529,2.90957,7.70440585613251
6.13676,0.648632,,,,9.48664238452911
7.98455,2.23653,10.1946225643158
7.86359,0.453599,,,,9.43133807182312
8.21413,0.720776,,,,9.75398058891296
6.26091,1.03591,9.781667137146
7.20455,1.347,,,10.0454780340195
9.27455,0.896691,,,,9.75316240787506
8.33997,1.02816,9.89814925193787
6.7139,,1.09575,9.50822975635528
8.45159,1.93684,10.6175270557404
7.46898,2.81564,10.7271020412445
7.83966,0.874651,,,,9.44700891971588
8.62856,1.65167,9.16314904689789
8.85052,1.58036,9.91298565864563
6.56183,1.36363,10.1356298923492
6.81662,0.764165,,,,9.36721611022949
8.98091,1.12654,9.6328432559967
7.99626,0.821036,,,,9.24889841079712
6.34332,1.46694,9.5462306022644
8.30103,2.26273,8.68169569969177
6.79622,1.94656,10.2165533542633
7.69064,0.990564,,,,9.42675731182098
6.83801,2.26641,8.2345118522644
8.9106,,1.64809,10.7207074165344
6.8797,,2.26384,9.93095057010651
7.77649,2.35214,7.88926563262939
11.7785,6.1422,,11.8997615814209
9.47052,3.21661,9.7311674118042
15.7035,6.26172,12.0640450000763
6.93293,1.21764,10.1574375391006
9.96027,2.53823,8.39377405643463
8.50191,1.67269,10.3930619239807
6.80174,2.11702,9.19696378707886
6.32688,1.58471,10.0575669288635
7.61922,1.32201,9.99881319999695
6.95885,2.24603,8.67455441951752
8.35893,2.24876,10.028103017807
6.42313,1.73608,10.9178590297699
7.01281,1.23393,9.79136402606964
8.63424,2.52879,8.40668404102325
8.57497,1.34011,10.2670112133026
6.18315,2.0849,,10.5392373561859
6.45934,1.46983,9.83708488941193
9.29677,2.50119,8.76133291721344
8.45298,1.76228,8.89516019821167
6.38244,2.44237,8.53665990829468
9.27417,4.53699,10.4708933830261
6.92169,1.75347,9.51907398700714
7.25489,1.48327,9.85429718494415
7.38368,1.91725,9.46494414806366
9.47884,2.91993,9.36538050174713
7.00801,1.90964,10.1816232681274
6.42982,0.635817,,,,9.41045558452606
8.29768,1.63239,10.1627954959869
8.36803,1.47549,9.81649529933929
6.43993,1.61279,10.5878346920013
6.05228,0.630671,,,,9.33915190696716
7.341,,,0.424741,,,,9.47611346244812
6.40352,0.99738,9.31120026111603
8.30489,2.58281,8.74468333721161
5.79133,0.714772,,,,9.2085963010788
6.84453,1.05758,9.88832929134369
7.1683,,1.20489,10.0674517631531
7.5832,,1.2874,,9.70404052734375
6.37111,1.46995,9.94256746768951
6.40716,0.765036,,,,9.31484460830688
7.83677,1.97087,10.8848743915558
8.11671,1.3513,,10.4085475921631
6.95801,1.84969,10.4479151248932
9.60495,4.28024,10.8115720748901
6.57782,1.09635,9.83200821876526
10.2399,1.67796,10.5035821914673
8.52296,1.07518,9.95929429531097
7.14428,1.04279,9.9057060956955
8.45828,3.26433,11.4218480110168
6.0942,,0.69244,9.85384378433228
7.02308,1.3055,,10.9314124107361
7.26042,1.87527,9.47493891716004
8.54833,3.2522,,10.7738975524902
6.3121,,0.95593,9.45510513782501
8.52564,2.2811,,11.2526644706726
6.90776,0.940317,,,,9.88966398239136
7.7514,,1.07848,9.70308275222778
8.47441,1.43259,9.61041526794434
6.92048,1.07651,9.591144323349
9.02216,1.98247,10.5765580654144
6.66526,1.08935,9.56859574317932
8.8677,,1.38208,9.99145092964172
7.51311,1.01337,9.33136930465698
8.08472,1.95767,10.2276450157166
10.0553,4.29525,9.10482544898987
6.42044,0.867464,,,,9.4913281917572
7.41227,0.815916,,,,9.50628108978271
8.007,,,1.17646,9.75703899860382
8.48147,3.0615,,12.4044146537781
6.65603,0.865947,,,,9.34929540157318
8.0494,,1.10228,10.519387960434
6.80428,1.73704,9.4078916311264
8.71052,2.26334,10.4431393623352
8.87278,4.06247,11.2675869941711
7.17066,0.906993,,,,9.35852620601654
7.82876,1.88992,10.7559098720551
6.23083,0.730194,,,,9.38243935108185
8.18299,0.809846,,,,9.46081387996674
7.84443,1.79577,9.47061860561371
7.99318,1.98027,10.2155763626099
8.79356,2.35116,9.31377737522125
6.29364,1.12257,9.47552900314331
7.74401,1.36015,10.3324885368347
7.97937,3.15893,10.5120665073395
10.0648,5.38993,9.99262397289276
7.98954,2.40585,7.78518464565277
9.34998,2.25179,10.3473248958588
6.45409,1.20259,9.84039106369019
8.49466,2.79137,9.88340125083923
9.83334,4.19919,10.4146745204926
8.56455,3.28931,10.670209980011
8.36728,1.88476,9.78061263561249
6.01769,0.921111,,,,9.46786880493164
8.19595,2.08986,9.77986779212952
8.39276,2.81863,8.91599893569946
7.40545,1.60551,9.43199632167816
8.63193,1.21322,9.22239773273468
5.82648,1.32314,9.34985918998718
7.17669,1.76214,9.91410913467407
9.79928,3.24496,12.3738407611847
10.0503,4.80798,9.887304854393
6.89999,2.17204,8.34757430553436
7.96777,1.62202,10.4715633869171
6.45505,2.03427,10.1059827566147
11.3936,2.36442,9.42979390621185
8.84386,2.62282,11.8781416893005
7.6786,,1.39369,9.51098072528839
7.7737,,0.964163,,,,9.81178629398346
6.27367,1.10415,9.57727394104004
9.98528,3.5859,,9.45585803985596
8.77335,2.44783,11.6010611057282
8.49874,1.72362,9.81701390743256
9.08687,1.69455,10.1192594528198
5.90315,0.799087,,,,9.65051908493042
6.88427,1.18512,9.17540299892426
8.36128,1.56538,10.9778986930847
8.63497,2.08383,9.2974978685379
6.22835,1.52683,9.30044462680817
8.58801,1.64251,9.88582766056061
6.6763,,1.78644,10.3669961929321
10.1883,2.95134,10.4041470050812
9.93503,4.30437,11.8528571605682
7.51217,1.5293,,10.0808382034302
8.35001,1.37717,10.1829766273499
5.95537,1.00081,9.45813043117523
7.33708,2.27769,10.6653054237366
10.0338,0.881951,,,,9.47093272209168
7.76593,0.865454,,,,9.29907867908478
6.4255,,0.657941,,,,9.28323953151703
7.5266,,1.12611,9.73560931682587
6.18702,1.12138,9.85951869487762
7.82182,1.26111,9.72254869937897
8.06233,0.676014,,,,9.63832654953003
7.89173,1.22091,9.80090289115906
6.64326,0.730835,,,,9.40306775569916
7.56561,2.92908,10.7856476783752
9.69577,2.57047,10.0461102962494
8.07428,1.32469,10.5436731815338
27.777,,15.6267,21.375150680542
11.3633,6.82998,11.5159517765045
19.9356,9.03256,20.2446172714233
14.4349,8.93837,15.8192235946655
11.205,,7.84406,11.6750244617462
15.6718,11.1249,18.5956972122192
8.57064,6.17234,10.179466342926
7.56294,5.28342,9.1075160741806
7.62598,4.53315,9.18588039875031
9.03875,5.44282,9.11387887001038
8.07698,5.88383,10.290247964859
9.89314,5.57232,10.9721478939056
9.95187,7.01087,14.2000045776367
11.1987,3.47112,13.0716850280762
15.3753,5.34297,15.7299968242645
12.8783,3.94,,,,11.4700785636902
7.985,,,3.63628,9.67796084880829
6.69838,1.28436,9.7424054145813
9.86202,2.26166,9.64160940647125
8.08602,1.9664,,9.25936648845673
6.65254,2.26619,8.59640822410583
6.38002,1.15818,9.85667238235474
6.6216,,1.34089,10.0999113321304
8.12703,2.14119,9.41001105308533
6.90409,1.21104,9.49191241264343
5.62618,1.65031,8.98079240322113
6.31802,2.26885,9.22176601886749
8.82633,2.29323,9.33913862705231
6.17291,1.89484,9.217773270607
7.86425,2.63251,7.68610098361969
15.1625,12.8608,16.7834037303925
15.4742,13.6979,17.1391066074371
19.6805,17.3566,21.1019347190857
21.5062,17.14,,,21.7906712532043
27.3311,21.91,,,25.6827288627625
27.2989,23.2071,26.1622641563416
25.3977,19.579,,25.0100700378418
25.8913,20.0145,26.7293524742126
18.0929,16.077,,14.8663093566895
17.504,,13.3161,22.1486525535583
21.8035,17.2661,23.1405153274536
23.4851,13.7829,18.3090630531311
28.3961,19.4288,24.162150478363
23.1304,14.3039,22.6881731033325
15.8895,12.0882,18.4317350387573
15.3885,11.1042,22.1196188926697
22.3638,18.2782,25.5446159362793
17.5792,16.1714,21.8113166809082
27.1239,19.1037,23.2109624862671
21.136,,17.6638,23.174737739563
20.7261,15.8272,21.7425039291382
16.028,,12.0481,18.9557866573334
14.5697,10.0663,17.1281656742096
16.522,,10.0086,18.3445909976959
14.2638,9.09969,16.953227186203
20.684,,10.8132,20.1781757354736
23.3247,16.7649,25.4291337013245
22.5938,15.9596,24.3268877983093
18.2658,10.8825,18.8545207023621
18.4493,11.1947,20.5474440574646
19.3876,16.0361,20.2025584220886
22.6271,19.3326,21.0468555450439
22.9511,11.8169,24.2862309455872
19.3255,7.82188,23.1173676490784
13.2742,2.87548,10.1594783782959
14.8768,2.92748,13.5105622291565
18.0661,4.8807,,14.8396367073059
13.9726,6.03465,11.7009845256805
19.0335,6.84937,15.2999659061432
14.2498,5.21094,13.1535090446472
9.37678,1.21758,10.0891765117645
16.5322,3.58369,13.4340919017792
10.8375,2.66119,11.5550135135651
8.40093,2.39288,9.14154255390167
14.6265,5.63887,13.5829352378845
11.9908,5.60786,11.169645357132
13.0884,2.53991,9.34249606132507
14.947,,3.15405,12.1096095561981
9.68359,2.24908,10.5317896842957
10.9859,3.5014,,9.48134365081787
11.4434,4.20758,13.5926108837128
15.1963,4.42541,14.4156833171845
11.1777,3.01056,9.10629770755768
7.75318,1.44203,9.96031973361969
8.32456,2.19944,9.7515114068985
9.7504,,3.34275,11.4045210361481
9.71915,1.59539,10.0045231342316
10.7332,1.67699,10.9999539375305
9.69748,1.8825,,10.2950582504272
10.6909,2.24277,10.4574208259583
8.36781,2.92106,9.00973527431488
13.6844,3.50006,12.7671353816986
10.8598,3.73069,10.7937406539917
6.94223,0.922557,,,,9.52079031467438
8.49799,1.20392,9.33966245651245
7.13713,1.62851,9.79012079238892
13.4773,3.79449,15.105352973938
11.5585,3.79895,11.9181778430939
7.63607,1.43313,9.83438763618469
10.5202,2.30207,10.216898727417
6.79676,0.993424,,,,9.81010804176331
10.2839,2.98259,9.48953945636749
8.90685,2.19903,12.2691731929779
12.8617,3.90771,12.5328568458557
9.12391,1.6239,,10.5297565460205
7.67814,1.58757,10.0731153726578
7.53098,1.99214,9.34469759464264
8.22544,2.74013,9.19815754890442
9.16745,2.70073,11.1492438793182
9.87287,3.41575,11.1135696411133
7.16308,1.43586,9.59509949684143
8.89066,1.96484,10.2375466823578
8.19741,2.20835,10.1169395923615
8.69962,2.02208,11.2342997074127
8.9086,,1.66535,9.54125850200653
7.53028,1.27719,9.49291617870331
9.00098,1.04551,9.43646078109741
7.82047,1.97242,11.7233038425446
8.79077,2.63615,8.9850289106369
9.8677,,4.64617,13.0056840419769
8.4228,,1.64286,8.87282791137695
9.29957,1.65029,10.9446831226349
7.48998,1.58198,9.97315521240234
8.14351,1.20114,9.59997816085816
8.63934,2.77513,9.69502534866333
8.69608,1.67242,10.4601825237274
8.6692,,1.09644,9.97136337757111
7.04429,1.09558,9.55725743770599
9.16563,1.0264,,9.30341114997864
8.09394,2.07514,8.72487983703613
10.1795,3.38403,11.8920460224152
9.56071,3.86344,9.76291105747223
7.72396,1.53828,9.85660877227783
9.21359,1.31468,10.1898498058319
7.89309,2.44754,10.0276051521301
11.3133,3.75183,9.55084295272827
13.7407,4.81862,17.6767156600952
9.45453,1.83772,9.28681375980377
9.35054,1.81968,10.4761239051819
11.323,,2.76527,12.5288214683533
11.8903,3.22466,11.1564754486084
11.6186,3.82223,14.1674735069275
9.7387,,1.58189,10.5594264507294
9.01296,1.45642,9.68299272060394
7.03507,1.55352,9.31479287147522
7.79,,,,1.80296,10.7775299072266
9.00833,3.28785,8.89815201759338
9.23699,2.17071,10.0515377759933
9.42763,2.44476,10.2965616703033
7.28805,1.17789,9.54640688896179
10.909,,2.11028,10.6852237224579
8.07065,1.73317,9.60999398231506
10.6849,3.61752,10.9783473014832
11.6739,3.48962,11.4248477458954
12.8852,3.45363,13.1273216247559
12.3729,3.49282,13.9836115837097
8.16354,1.08795,10.1631491184235
11.7376,3.03407,10.9377876281738
10.2504,4.64754,10.4764054298401
8.37129,1.33471,9.41246180534363
10.7284,2.24536,10.248681306839
6.85859,0.803946,,,,9.43809247016907
7.82986,2.02594,9.99989874362946
8.32748,1.83366,10.8559229850769
8.52155,1.01714,9.70567681789398
8.44923,0.791137,,,,9.37586646080017
6.91347,0.744869,,,,9.33576991558075
8.4302,,1.32,,,,9.33276898860931
7.47673,2.12054,9.45337705612183
8.1122,,0.869313,,,,9.35751712322235
8.38833,0.925453,,,,9.4262531042099
7.61921,0.984103,,,,9.48616232872009
6.70433,1.05885,9.72420663833618
7.94487,2.81507,8.89685943126679
7.0431,,0.873414,,,,9.3693323135376
6.92632,1.50623,10.0897973060608
7.54109,1.61366,10.6452836990356
7.81739,1.27313,9.75616397857666
13.6314,10.4882,15.3131720542908
12.1512,7.76887,12.0639978885651
12.0865,5.37275,12.6093274593353
31.993,,21.708,,25.6986355781555
19.1618,7.79927,19.0991279602051
15.3323,3.49408,13.1640332698822
9.38058,2.52748,8.67956449985504
11.5524,2.88247,11.1158972263336
9.26521,0.720899,,,,9.7342116355896
8.61432,0.747348,,,,9.39790914058685
7.56444,1.50969,9.82133114337921
8.04902,1.07854,10.1177148342133
8.89259,1.30668,10.5443133831024
8.56573,0.834877,,,,9.58301901817322
6.96262,1.47872,10.2485373973846
8.45863,1.29077,9.90677983760834
8.10689,2.49193,10.3600163459778
8.31081,1.04844,9.18351867198944
7.6618,,1.38992,9.42320885658264
9.42268,1.40994,10.4713973999023
7.42458,2.26499,9.01765584945679
8.20581,1.32328,9.65960247516632
8.52127,1.78221,8.79102826118469
10.0289,1.77391,10.7016330718994
7.73509,2.76896,7.89978351593017
12.7321,3.55052,12.4178553104401
9.50101,1.74921,10.4268981456757
13.788,,2.40234,11.8360744953156
7.63446,1.02086,10.1247420310974
9.58192,1.69498,9.36673510074616
8.855,,,2.24249,11.2275087356567
8.37165,0.832012,,,,9.58125565052032
7.35253,1.1141,,9.3847265958786
8.56296,1.02438,9.8157431602478
8.36545,2.26002,10.500199174881
8.65305,1.11764,9.80949404239654
7.9444,,1.85607,8.82936387062073
8.92988,2.08384,10.4746079921722
7.77109,2.13421,9.24440777301788
7.95916,1.10928,9.93251516819
8.6097,,1.92624,8.71036982536316
9.37503,2.38416,8.610205245018
8.90627,2.97646,9.70704641342163
8.53249,2.4051,,9.84026095867157
9.99127,2.18626,11.0575595855713
8.69686,2.08726,9.34952430725098
9.12594,3.10679,8.49450330734253
8.75432,1.76579,9.11252071857452
8.88313,2.45967,11.0053643703461
9.74855,3.08562,7.9890976190567
10.14,,,2.79242,9.9495884180069
12.9372,3.45912,13.4449362277985
12.1229,3.30951,10.614436674118
8.69621,0.715846,,,,9.52849006652832
8.50768,1.00799,9.73402857780456
9.83425,0.763866,,,,9.49349098205566
7.90546,1.64518,10.2191203117371
9.88507,2.93499,9.11748054027557
10.6048,3.60436,9.66633274555207
11.2286,3.61776,8.3854234457016
9.68215,1.99606,11.7749599933624
9.23421,1.72423,11.2923366069794
8.63282,0.792686,,,,9.61032755374908
8.55851,1.5951,,10.2524716377258
9.02003,2.26115,10.600042963028
8.48054,2.53463,11.7089635372162
12.6155,1.62742,10.11021027565
7.74286,1.63911,10.8630973815918
11.8837,2.43152,11.0745009899139
7.52591,1.85207,11.0918006896973
7.89488,1.45708,10.2327907085419
10.0053,2.05435,9.53148276805878
8.57129,1.50125,10.1732390880585
7.72044,2.15742,9.3481742143631
8.23943,2.31872,9.20724680423737
8.61222,1.612,,,10.3222724914551
7.34452,1.85043,9.24424905776978
10.1226,3.11721,9.7666435956955
7.78693,2.39863,11.8083023071289
8.0969,,1.16078,10.1389479160309
7.82054,2.23528,9.60317475795746
8.92428,1.953,,,8.86642854213715
7.69696,1.84481,10.6946650505066
7.78902,1.04661,9.65763628482819
9.03676,2.33449,9.39832413196564
9.20318,1.46721,9.94619784355164
7.1599,,1.98486,9.52132716178894
7.90903,2.01905,10.0068777322769
8.94333,1.88585,8.97791063785553
7.22893,1.60437,10.1124830245972
8.51877,1.7638,,9.51078860759735
7.34459,1.51669,9.7891984462738
8.28247,1.49697,9.24543771743774
7.67895,2.28451,10.2346433639526
9.14705,1.94836,10.9850459098816
7.58117,1.90471,11.0621128559113
8.08511,1.44698,10.2840787887573
8.33728,2.56803,8.63020415306091
8.93717,1.66523,11.0082943916321
7.01464,1.9101,,9.27355217933655
7.2951,,1.01568,9.9798223733902
8.85158,1.64932,10.033674788475
8.60618,1.11905,10.1235531330109
7.29714,2.51236,8.93337180614472
7.72243,2.36203,8.43024733066559
8.8257,,1.78938,8.76660153865814
7.32428,2.00442,9.08955912590027
8.83007,1.84661,9.27879655361176
7.08779,1.7088,,10.46010222435
8.96748,1.85107,9.90102422237396
7.80166,2.39724,10.269913482666
8.75753,2.09492,10.7407641410828
7.02951,1.85534,10.6444682598114
8.02373,1.14749,9.85960946083069
8.2336,,1.95915,9.02660565376282
8.94771,0.88933,9.9545328617096
7.25235,2.00711,9.90048558712006
7.72141,1.29888,10.3739766120911
8.8518,,2.03856,8.93595550060272
9.19777,1.72638,9.67330994606018
7.53435,2.42941,9.06532320976257
7.36507,1.92457,8.8796177148819
8.60221,3.00018,7.96013884544373
10.576,,4.46223,10.4678996562958
13.9144,4.36948,12.5920294284821
7.38462,2.35625,9.09566011428833
7.84983,1.09881,10.296309709549
7.41487,1.58395,9.90844869613648
11.5371,1.76079,10.6378523826599
7.22461,2.1702,,10.7338109493256
7.19502,0.834366,,,,9.62142698764801
8.68723,1.74397,10.5757138252258
8.79183,1.6318,,10.171487236023
7.24491,1.49215,9.87957742214203
7.10996,1.09027,9.66517946720123
8.17548,1.12549,9.90709602832794
6.87515,1.75798,10.1204920291901
8.54031,2.4967,,9.33563964366913
9.8399,,2.59102,8.88829429149628
8.98126,2.0442,,8.9315420627594
11.3595,2.86106,10.6507971286774
9.10683,1.7996,,9.58448028564453
7.18312,2.22945,9.4829434633255
7.27596,2.12419,8.33785734176636
9.82379,2.85437,10.449803352356
11.8632,3.90997,13.2302162647247
10.3111,2.7526,,12.8425747394562
13.0843,3.54844,13.7077986717224
7.36443,1.34883,9.27424535751343
8.59859,1.13777,9.60901248455048
7.33566,1.70183,10.4752553939819
7.56934,2.07135,9.64011483192444
17.7983,3.26452,13.3566455364227
14.8632,5.24135,10.0188790082932
21.3377,7.68078,20.4908162117004
16.2627,9.15103,15.1099891185761
9.98609,5.02333,9.52678000926971
8.33425,2.77029,7.51937439441681
8.46624,3.69088,7.43089785575867
6.5982,,1.2781,,9.37987809181213
7.75413,0.945613,,,,9.36908328533173
8.10258,1.3012,,9.97753689289093
8.27269,0.934174,,,,9.52541506290436
6.75653,1.31902,9.60349016189575
7.67518,0.906747,,,,9.48189239501953
7.85324,1.58897,9.72941498756409
8.56079,1.18107,9.84337148666382
6.70037,1.22239,9.67641563415527
8.8637,,2.17085,10.5052527904511
7.49219,0.555284,,,,9.42643144130707
8.36794,0.67036,9.32307643890381
9.04053,2.14112,8.06510462760925
8.27493,1.78942,8.890514087677
17.9198,4.01746,15.5895627975464
16.8722,3.64895,13.1539780139923
9.30725,1.1522,,9.75963299274445
9.96148,2.44226,10.3094810009003
6.24294,0.675492,,,,9.23625376224518
6.4488,,0.670233,,,,9.34532148838043
6.73202,0.762643,,,,9.36385939121246
7.51808,1.68304,10.6826960086823
7.09359,1.50453,9.01266386508942
7.24025,1.18601,9.7646803855896
7.61523,1.3362,,10.3012979030609
8.4047,,4.15384,12.7248641014099
9.01448,4.5024,,10.9337341785431
21.777,,20.0118,22.284787273407
20.9992,17.2081,19.1402027130127
29.45,,,23.0723,26.1895449638367
19.9956,12.2291,17.486621761322
17.7073,6.54639,12.5730922698975
6.95273,0.979581,,,,9.36495883464813
8.51417,1.55194,9.81416101455688
6.94787,1.3011,,9.92452561855316
7.49339,1.0294,,9.33887364864349
7.87637,1.40568,10.0614434242249
8.6481,,2.43947,9.47427976131439
6.95729,0.921201,,,,9.46600422859192
7.64887,1.12153,9.25240581035614
7.35372,1.02076,9.64843175411224
7.04262,1.49452,9.31794426441193
8.87216,2.73281,13.1972126960754
7.52388,1.32939,9.61098110675812
8.84624,1.3079,,10.128716802597
12.0351,8.9515,,13.355508184433
8.32893,2.49575,9.95609953403473
18.9088,9.10355,18.1563013553619
8.1857,,1.95955,10.5368629455566
10.1847,2.67521,10.7606743335724
12.4489,6.16719,10.8663125991821
12.4533,4.31485,12.3457715988159
12.4285,5.29351,9.21401886940002
9.90981,3.20567,11.9512994766235
11.2932,5.16225,12.2604452610016
7.434,,,2.46082,7.81219573020935
9.70766,2.41781,8.77558090686798
9.84117,4.59358,9.86872642040253
10.8613,4.01329,11.0237713336945
11.1071,5.92508,13.948060131073
8.1446,,3.07612,7.55544290542603
9.93651,3.33587,10.8136579036713
8.54285,4.25623,9.07705481052399
10.5558,2.4822,,9.37578094005585
13.4369,4.77018,14.3196278095245
9.67091,3.53854,7.98496537208557
9.1208,,2.21381,9.80314309597015
8.22906,3.36979,7.38732368946075
9.51718,2.79151,7.75757606029511
9.37527,3.4889,,10.3738131523132
8.98145,4.05775,10.9718545436859
9.99896,3.00253,11.2891221523285
9.23124,3.35626,9.26715362071991
7.17908,2.3763,,7.78611404895783
10.9619,3.75038,10.3002197265625
9.48925,2.48621,10.4535285949707
11.0174,3.15032,12.6527894020081
10.5453,4.09794,11.2859117031097
8.05331,2.55045,7.85812356472015
8.87076,1.92373,10.3193781375885
7.8856,,2.63534,8.01231687068939
10.1869,4.45504,12.4733013629913
11.5959,3.17665,10.3741232872009
11.0152,2.39576,8.41536092758179
7.06025,2.46266,8.96982626914978
8.52574,3.15895,11.1295307636261
9.32606,2.79474,10.4266433238983
9.0754,,2.92664,8.37840070724487
10.3907,3.11538,7.43166687488556
9.50134,2.5879,,8.72166714668274
7.70354,3.46588,10.230363035202
8.87897,3.13408,9.42789196968079
11.3023,3.862,,,11.7965854644775
11.6764,3.26086,8.34799172878265
7.76558,2.81741,7.8476398229599
9.7731,,4.42959,11.2885750293732
11.3632,4.25381,9.23710405826569
10.3817,2.61133,8.31159510612488
12.156,,4.92136,14.7717581272125
13.3514,4.80223,13.0614060401917
10.3125,6.33929,18.2684977054596
14.1909,5.22424,12.7405327320099
14.0254,8.85832,15.0797775745392
10.363,,4.16417,10.4406302452087
7.01018,2.42325,10.5560283660889
7.90149,2.00558,10.321097612381
8.55422,2.33642,8.30273637771606
9.00075,1.63617,9.72770597934723
7.52112,2.55232,7.52026352882385
7.93972,3.00815,9.18590755462646
9.96546,2.58854,10.955739068985
8.50383,1.6293,,9.60335228443146
7.56716,2.30827,8.87089350223541
8.76875,2.16257,10.5584150791168
7.68063,1.45398,10.1879183292389
8.55752,1.49422,10.3883016586304
8.16113,1.98681,8.61979274749756
8.53882,1.52268,10.1632924556732
7.234,,,1.51014,10.0773415088654
8.01705,1.814,,,10.6698104858398
8.44706,2.25111,7.86681733131409
9.02785,2.10158,10.4377900123596
7.35092,2.32072,8.21490018367767
7.49992,1.79574,10.9480352401733
8.74081,1.91127,10.6876868724823
8.41278,1.58315,9.45045673847199
6.87105,2.32025,8.10649690628052
8.58116,2.50638,11.7713624000549
7.75492,1.82902,10.7232025623322
8.45047,1.5299,,9.60733458995819
7.20374,2.01892,9.00768916606903
9.05425,2.40699,11.0596782207489
7.84627,2.50411,10.001792550087
13.1436,4.28646,12.2154453754425
9.42887,2.39887,9.78257040977478
14.328,,7.73328,17.6820625782013
7.12988,2.39086,10.6821959018707
7.73461,1.96515,10.8089825630188
9.32168,2.24821,10.0031549692154
8.75739,1.99737,10.8015328884125
7.16045,2.83503,7.0786571264267
9.24274,3.56938,10.2251841545105
7.51244,2.15214,8.1783096075058
8.1304,,1.90852,8.8322615146637
7.97589,2.5766,,8.30897636413574
8.57076,2.33646,11.7359544754028
7.46541,2.28235,11.8044023036957
7.68556,1.94482,7.95428113937378
10.3071,3.27576,8.1969260931015
8.52571,1.95816,8.9760657787323
7.62593,2.84027,9.00836057662964
7.98218,2.97195,7.21446001529694
10.3562,3.11436,11.5205533027649
8.8856,,2.51222,7.57287983894348
7.45847,3.59341,7.56509191989899
9.39887,3.58806,10.3711759090424
7.61821,3.0025,,9.36523871421814
9.66379,6.1436,,9.9007842540741
21.0692,16.0915,20.0757433891296
21.7983,11.3357,18.5491103649139
19.3514,13.7204,21.9632736206055
11.5532,9.00114,12.6734611988068
16.2684,7.04276,13.8485589504242
9.41882,2.74499,10.54314661026
7.20338,1.76932,10.7500455379486
8.02032,1.56256,9.3045946598053
8.25894,1.19247,9.56711101531982
7.35935,2.13755,10.0968243837357
9.60416,3.96064,11.5707668304443
7.07388,1.6544,,10.1681639671326
7.72994,1.59182,9.92187769412994
8.03047,2.02182,8.14307293891907
7.39702,2.53398,9.21207594871521
6.94112,1.39776,9.55331468582153
7.0887,,0.975417,,,,9.78292143344879
11.2555,4.29014,10.260501241684
7.96521,1.02212,9.58208410739899
11.1381,5.16789,11.4254943847656
10.0448,4.93878,11.9465110778809
8.27318,4.8702,,8.26671030521393
9.24852,2.88775,8.48944957256317
12.5627,9.37964,14.2851696968079
9.83635,6.47411,10.1727415084839
17.3043,13.6906,20.5999278068542
18.2131,14.6007,18.5225930690765
18.2451,11.5134,21.0233720779419
15.4226,10.0279,16.7312549114227
20.3182,9.66634,17.8518686771393
19.1646,6.29156,15.4960272789001
19.5131,9.30701,19.949840259552
13.2947,7.35908,11.5268265724182
9.70356,4.60186,9.29597022533417
8.99301,2.84754,9.49238576889038
8.14512,3.3752,,8.88910171985626
9.85109,2.59396,12.1561814785004
7.22781,2.14975,10.0696227312088
10.2026,4.70393,10.2137454032898
9.03208,2.69754,9.31488311290741
9.07022,4.70916,11.725269317627
12.2842,6.56826,12.0167135238647
7.91174,4.86417,8.83512661457062
11.5601,4.89844,11.5680581569672
20.4626,11.3922,22.181090259552
16.9997,10.1215,16.9366864204407
15.9207,7.41689,20.1236835956573
19.8946,11.5741,22.7961778640747
11.5671,6.89417,11.1323729991913
11.2791,3.60229,12.492779302597
13.2839,4.79705,10.6592253684998
9.98546,3.95138,15.1186194896698
13.3507,5.66491,14.2217261314392
9.3068,,2.77059,8.31290094852448
9.99141,3.13093,10.5415434837341
15.3626,6.07958,14.9033679962158
9.99876,4.08023,10.2937401771545
14.3795,6.69851,12.5880121707916
7.63229,2.6155,,9.91763169765472
12.9028,6.13641,10.4859807491302
7.30429,2.03358,8.42027895450592
8.35092,2.05304,8.88467829227448
7.34562,2.55092,7.93914442062378
8.33845,2.67426,11.0033589363098
7.62011,1.65014,10.1345981121063
8.40744,1.34362,10.044735622406
7.48262,2.04391,9.17197663784027
11.0245,3.10017,8.75054085254669
6.9441,,1.74795,9.27459814548492
7.83139,1.23259,9.98350975513458
7.63455,2.27703,9.32694325447083
9.03849,1.56116,9.67580235004425
6.80697,1.08339,9.89370908737183
7.01604,1.20363,9.8297758102417
10.7997,3.34232,11.0105515480042
19.1855,6.96903,19.3774205684662
7.17038,1.86943,9.91882572174072
13.8484,5.18518,13.18275847435
6.86057,0.709529,,,,9.56375255584717
8.43277,1.16994,9.64720270633698
7.01854,1.425,,,9.48370010852814
9.46781,1.90308,9.91089220046997
6.84948,1.31808,10.0922896385193
7.5231,,0.989033,,,,9.79713995456696
8.70886,1.59154,9.87324957847595
8.33028,1.16944,9.74112184047699
7.51976,1.61324,9.0923627614975
7.39805,1.72341,9.48525760173798
10.4968,1.57056,9.97440917491913
7.6266,,2.61651,7.59901204109192
9.88878,2.19312,10.2272845745087
7.16156,2.25139,8.24696462154389
6.54725,1.99802,9.21216452121735
10.8378,3.86599,9.3135758638382
7.54678,2.45939,11.2497022628784
8.86905,6.14075,9.85280170440674
8.60305,3.91367,10.5113082885742
11.3996,9.01235,13.0668756484985
21.5666,16.704,,21.0016606330872
13.8125,11.4915,15.6620530128479
19.9798,15.5649,22.7628913879395
19.3026,13.8892,22.8087824821472
20.2871,14.9736,21.6349310874939
16.63,,,11.6112,20.8349976539612
17.8202,7.44292,17.0332476139069
19.1066,14.19,,,21.5787249565125
20.2945,7.71582,19.5623237609863
21.1748,10.0493,22.3777586936951
15.2548,2.87124,14.8907884120941
13.2012,3.52018,11.7827375888824
8.96886,2.4098,,8.43843636512757
14.4486,4.4472,,12.2652555942535
11.3844,4.71084,11.9478510379791
10.703,,2.50839,10.9471945285797
12.5216,3.90416,14.0408267498016
15.2207,6.32181,12.4390298843384
14.676,,4.85939,11.3295246124268
15.3402,6.56336,12.9937502384186
9.79427,2.39364,10.4994704723358
9.80295,2.60064,9.79488670825958
8.66216,1.74142,10.089256978035
10.6953,6.30929,12.0609705448151
8.73316,1.19031,9.3562353849411
9.1248,,6.58423,10.052077794075
13.6785,9.65124,18.028176689148
23.428,,12.8443,23.6591933250427
24.5463,17.7424,24.4045669555664
12.5478,3.68747,13.6048588275909
14.9541,6.98923,13.9064546108246
16.8627,5.2506,,17.3924592018127
16.7418,7.38034,14.728388261795
8.05368,1.62646,9.05398325920105
10.2853,2.21251,10.9270673751831
9.37313,2.29691,10.9829488277435
12.4363,2.89422,12.7008416652679
12.5641,4.86542,14.0393460273743
10.8582,2.24727,10.1642147064209
12.5736,4.46322,12.5458673477173
12.5014,5.92895,11.5678445339203
20.5744,13.1502,20.731102848053
15.7289,9.71498,14.7553440570831
20.3837,5.1393,,16.4978482723236
20.3902,4.67392,12.6475552558899
23.7211,13.7609,19.9535955429077
20.7901,10.6766,22.6144244194031
21.034,,12.0743,20.0901078701019
11.3778,6.44135,11.742841386795
10.2611,2.34612,9.69181687831879
9.35668,1.27752,10.2638751029968
15.8276,6.78738,13.22193608284
10.9038,2.45968,10.6575721263886
20.6523,6.80615,19.959961271286
15.4428,4.80136,12.639533996582
19.3137,11.5916,21.7411780357361
14.4025,12.4066,17.160861825943
10.9513,8.04031,11.3531333446503
8.95232,2.04565,10.8587871551514
17.3924,12.7661,19.6470886230469
8.78163,2.85147,10.1666189670563
17.9619,12.0431,20.2045996665955
20.1346,11.5054,19.1970173358917
21.2992,13.8616,22.4177688598633
18.7262,10.3912,21.7661226272583
19.6195,16.0153,23.9194464683533
20.2169,17.5691,24.0491044998169
24.7234,21.285,,25.8403059005737
17.8355,15.9743,21.0648283004761
24.4937,22.9843,23.5550580024719
17.0503,15.1171,19.6251665115356
25.4172,22.3791,21.786835193634
22.5818,17.9971,20.4778861045837
24.4957,7.94585,17.6451141834259
24.956,,22.3991,23.1700344085693
22.2891,4.59876,14.9236840724945
30.214,,25.3236,25.9136388778686
22.3354,5.55455,16.0117865085602
19.6474,9.29569,16.684855890274
22.5798,7.1157,,17.5523424625397
18.9367,9.83995,16.2277988433838
13.6533,10.9547,17.6260356903076
16.0212,12.01,,,18.6925676822662
11.9098,7.10364,12.2420306682587
14.2432,12.4117,18.522895526886
8.41585,5.71,,,,9.18653604984284
6.98389,2.30945,8.26019077301025
9.23686,1.8746,,10.8194887161255
8.55676,1.37379,10.3561594486237
6.75477,1.76551,9.28970849514008
7.06336,1.54584,9.49065227508545
7.73351,1.27865,9.82152097225189
7.6592,,2.26639,8.08158345222473
8.03772,2.00413,10.3863750934601
7.13806,1.95325,10.8048014163971
7.77843,1.36667,10.239809179306
8.00525,3.86057,9.58467683792114
8.8878,,1.95891,10.2475713253021
18.9387,12.3182,20.5370253562927
13.9912,8.14896,14.6776404380798
12.386,,7.56561,16.2308663368225
13.4743,8.47381,13.6096212863922
9.3777,,3.5157,,9.40963535308838
8.743,,,4.63889,9.64257688522339
7.85344,2.75459,7.74515526294708
7.80657,1.67156,10.1664312362671
8.63534,3.29428,8.32374353408813
7.52392,1.99565,9.33097863197327
7.50056,3.36195,8.58782126903534
15.7203,5.71746,11.0577027320862
20.1211,12.1458,22.7005091667175
20.7969,18.2804,23.3849676132202
16.2259,15.1032,19.9992192745209
11.0327,9.42895,15.0535275936127
25.1995,21.1223,23.6710227966309
16.2525,14.5532,20.4998504638672
31.7832,25.6765,26.7673680305481
25.668,,21.2068,24.8031798362732
25.082,,16.13,,,23.9652474403381
26.2341,22.309,,24.7060787200928
24.9204,13.0673,23.5601719856262
22.3747,15.6049,23.1731748580933
20.4538,18.9757,22.4195486068726
14.2026,13.2966,19.7390565395355
23.4702,20.1789,22.2911165237427
15.4251,13.253,,19.1742089748383
14.6716,10.9775,15.6867550373077
23.4475,16.5479,22.812246131897
16.8605,10.2855,18.0679700374603
18.3719,9.72489,19.107478761673
16.2386,8.76293,15.7370766162872
9.36445,5.18557,9.77403032779694
12.4704,6.8828,,17.6855274677277
12.8043,5.54071,15.3766548156738
17.7945,5.48495,11.9126631736755
16.8304,3.11898,13.0337856769562
18.111,,9.12225,9.38560724258423
15.2116,6.70955,15.2115103721619
15.0222,7.74771,16.0908363819122
11.1116,6.93055,10.629628610611
13.8923,4.02559,13.5440082073212
15.5715,7.64351,16.8190995693207
16.331,,6.94431,14.077740240097
13.5159,6.6465,,12.9229420661926
10.2283,3.5041,,11.5730069637299
9.24514,2.46593,10.5430891036987
13.5039,5.29629,14.4019899845123
13.5034,3.37044,12.9852601051331
14.0478,3.97506,12.1698188304901
9.51024,2.43976,9.01408109664917
8.78362,2.65406,9.90878005027771
10.9637,2.55458,8.54845848083496
11.049,,2.79799,11.12254986763
14.8968,5.98525,10.6539480209351
13.6967,5.47093,14.8851107120514
10.0396,6.45115,11.3008700370789
9.42148,4.41609,8.28261299133301
9.06983,4.03119,9.79767818450928
8.07598,3.8697,,8.21215691566467
12.6829,5.47145,12.710159444809
8.10422,4.00022,7.21684610843658
9.80401,2.28529,9.87286639213562
20.6212,12.72,,,20.7390688896179
13.2234,7.455,,,11.939296913147
21.9173,8.97179,18.16144490242
18.0853,13.2303,18.7754456996918
20.6665,9.47668,16.0734508037567
22.2046,17.3666,19.6573050498962
18.2402,9.03747,19.5922141075134
13.4438,3.11507,13.2843316078186
19.6556,7.81832,21.6077520370483
14.1284,6.70008,12.2097438812256
17.2034,8.11554,18.6263542175293
13.8722,8.95681,19.5944784164429
13.3546,3.34174,12.355718421936
15.1389,11.5029,20.4779138565063
20.3302,12.5561,23.2661636352539
12.7548,5.75382,13.0176719665527
10.2791,8.97991,13.1259074687958
10.3688,8.12241,11.8346510410309
14.3995,10.0438,17.2282781600952
12.2143,8.87991,14.6934133529663
13.5812,9.72857,15.7075078487396
10.7657,5.96028,9.78990006446838
12.7988,8.3507,,13.9272365093231
15.5435,9.18748,19.6519372940063
14.9175,11.6656,18.8158882141113
10.9132,6.26861,9.74328994750977
10.2504,8.32587,12.6234708309174
13.995,,8.31314,17.990195941925
11.0761,7.5012,,15.062338924408
10.6914,6.99679,10.5241320133209
10.7908,4.88044,9.32503714561462
14.9927,4.4947,,10.4097548007965
15.9411,5.77227,12.4968611717224
13.2799,4.13702,10.1694194793701
13.0659,3.92361,13.3380487442017
12.2292,3.55453,11.6559097290039
9.81817,4.01482,9.0051656961441
12.6271,3.09582,11.8197021484375
11.1127,3.8589,,9.93199927806854
13.3637,6.2966,,11.571900844574
13.1012,7.53362,14.0011076927185
10.3601,6.97886,11.1733065128326
9.63676,6.99563,11.8291258811951
8.74516,3.49632,12.9982720851898
7.93631,2.25676,7.84421796798706
8.59859,1.89857,8.6646701335907
6.6243,,1.56145,9.73176546096802
7.50324,1.22444,10.1884498119354
7.79883,1.39045,10.1920598506928
8.62832,1.02844,9.2281867980957
6.39902,0.994196,,,,9.50395858287811
8.72293,0.747474,,,,9.60310833454132
6.79931,1.53512,9.94112131595612
8.27429,2.01861,9.57354834079743
7.99308,1.35107,10.1275684833527
8.91854,1.11198,10.058597779274
11.1809,1.85962,9.86856048107147
14.5144,5.44744,14.3408139228821
11.6257,4.50409,9.8095287322998
13.7023,4.77771,12.9269950866699
6.82311,2.03533,8.86762757301331
7.5051,,2.9671,,10.9137131690979
10.1739,1.03038,10.2029510974884
8.96307,0.94093,9.33219628334045
6.92931,1.04432,9.40302500724792
8.46694,1.42174,9.34867739677429
6.83588,1.48824,10.0573786735535
8.01732,1.17605,10.3898601055145
7.52857,0.800335,,,,9.43690748214722
8.14316,0.911954,,,,9.80382595062256
6.35298,1.17279,9.43755948543549
7.19406,0.600201,,,,9.42850518226624
8.59718,0.993691,,,,9.97955837249756
8.19922,0.961934,,,,9.76447615623474
6.36592,1.30834,9.99897389411926
8.46888,2.07735,10.5339246749878
6.88308,1.53396,10.2886410236359
7.60718,1.0608,,9.85110116004944
7.82787,1.05432,9.35423605442047
7.82015,1.33808,9.91102449893952
6.318,,,1.9619,,9.56031968593597
6.67611,1.26818,10.3662379264832
9.19976,1.08001,9.88103060722351
7.35192,1.0769,,9.66989505290985
6.20906,1.03327,9.48009300231934
6.90418,2.01416,9.60267157554626
8.11443,1.8939,,9.17208843231201
8.84403,4.50681,7.702712225914
7.72923,4.42437,8.30504691600799
11.1369,7.62967,11.9221699714661
9.76024,7.57702,11.0702853679657
17.3893,11.208,,18.2334601402283
22.7623,14.4904,20.9160768508911
19.821,,9.6396,,18.4868750572205
17.9864,7.45234,17.9885015010834
15.3544,6.78604,15.6419693946838
13.8576,2.84383,11.7946852207184
13.47,,,4.78871,12.9046153068542
9.32138,2.35449,8.17450850009918
12.3746,3.77289,14.5168317317963
7.89763,2.42846,8.34182436466217
8.5487,,1.08906,9.77400686740875
8.04897,2.36777,8.36193766593933
9.78792,2.77253,10.2806093215942
8.70965,2.82263,9.46307833194733
12.3733,3.03082,10.7870943546295
8.33704,1.40837,9.09067432880402
7.30029,1.03759,9.50442740917206
9.91147,1.62061,11.1991149425507
7.15245,2.219,,,8.89228518009186
9.01355,3.1179,,8.13970654010773
10.2019,2.69496,9.40254034996033
12.246,,5.27363,12.6956349372864
6.82538,2.68407,7.65748603343964
7.11093,1.71919,9.96429903507233
7.52009,0.96777,9.54018397331238
6.99696,1.26214,9.2901709318161
7.74219,1.45518,8.79773833751679
6.39122,1.038,,,9.75527009963989
8.65577,0.691652,,,,9.52500858306885
8.33077,1.15733,9.39988105297089
7.78526,1.62687,9.97366771697998
6.5614,,1.41037,9.85775582790375
6.65535,0.460216,,,,9.36968953609467
9.75549,1.26968,9.28442497253418
8.91729,1.15859,9.53396983146667
6.6844,,1.20055,9.8681572675705
10.6906,1.33005,10.309405708313
9.41876,0.710199,,,,9.41079182624817
15.1414,2.04488,11.3148310184479
6.56646,1.0868,,9.90876915454864
8.4531,,1.55056,9.46715698242188
6.21619,0.996674,,,,9.66792800426483
7.39796,0.611449,,,,9.64098906517029
7.13255,1.43086,9.41541271209717
8.62627,1.17153,9.64374377727509
6.58507,2.03089,10.6873950958252
6.97392,1.07563,10.1597319126129
12.2187,2.4289,,9.01654148101807
8.65607,1.16505,9.83835315704346
8.4733,,1.84628,9.48728656768799
6.53342,1.29998,9.97925877571106
9.71769,1.21795,9.66710481643677
8.02398,1.10378,9.45486240386963
7.49195,1.48478,10.3241144180298
9.04495,2.1003,,10.1776883125305
6.63184,1.2177,,9.87367641925812
7.48508,0.880274,,,,9.68644433021546
7.38762,2.01826,9.3408237695694
7.90717,1.30933,10.3335845470428
7.3504,,1.62729,9.31523325443268
6.93868,1.36513,9.99919354915619
9.11279,2.13161,10.8384760379791
8.03587,1.26868,10.1856133460999
6.31949,1.45012,10.1610013961792
6.40549,1.19254,9.85201790332794
7.67651,1.14825,10.0538112401962
6.75903,1.17432,9.68554351329804
7.84013,2.04866,9.16586763858795
6.60885,1.29201,9.74323554039002
6.86248,1.09802,10.0202599525452
8.0482,,2.17493,10.6247471809387
8.41608,1.81831,10.1660552024841
6.88969,2.14527,9.00331702232361
9.94623,4.48472,10.5775293827057
6.59904,1.47554,9.61795673370361
13.1133,2.6221,,11.1203696250916
9.81897,2.33397,12.1380949020386
8.17911,1.69668,10.6320645809174
9.43994,3.02715,10.8456429481506
6.18259,1.00284,9.17762894630432
7.0876,,0.871193,,,,9.60546505451202
7.8772,,1.81454,9.74206182956696
8.92151,2.64285,9.04760961532593
6.39178,1.00576,9.598393201828
7.96283,1.30951,9.89825456142426
6.65602,1.00745,9.41816065311432
8.77709,2.92343,10.7052557945251
8.79954,2.53692,10.1869827747345
8.89175,1.49117,9.93283009529114
9.39229,3.00023,10.272265625
11.4063,1.33514,10.5790991306305
7.16457,1.88757,8.87268409729004
8.58551,1.61579,9.86617367267609
9.41286,2.04798,10.5545799732208
6.05286,1.14151,9.56520178318024
8.01787,1.21718,9.95832920074463
6.5722,,1.45731,10.4889128684998
8.82373,1.58573,9.67672493457794
8.63219,2.35035,10.4817236423492
7.03194,1.13679,9.6621230840683
8.40626,0.921146,,,,9.91880080699921
5.93461,0.779825,,,,9.62697956562042
9.48661,2.76964,9.42252423763275
7.44386,1.63989,9.67004361152649
7.99782,1.29376,9.87927167415619
8.6605,,1.69778,10.5576597690582
6.70612,1.41149,9.45915896892548
6.79015,1.37859,9.75169234275818
9.34353,1.43574,10.1681769371033
8.72233,2.15742,10.6386078834534
6.4237,,0.981727,,,,9.60771095752716
8.09672,0.633691,,,,9.82364645004272
6.40313,1.35585,9.48289308547974
8.44555,2.1363,,9.68515188694
7.83153,1.27043,10.1704295635223
7.83011,0.858747,,,,9.75589308738708
6.38366,1.13338,9.67233335971832
8.81933,3.15367,10.0655225515366
8.4267,,1.47776,10.1879502773285
8.25421,1.49167,10.3264325141907
6.22919,1.02287,9.55968751907349
7.40506,1.07993,10.0188710212708
8.95767,1.0056,,9.83117055892944
8.43326,0.731901,,,,9.48705093860626
6.47733,0.795392,,,,9.35784397125244
8.1186,,1.00268,9.87132883071899
6.25281,0.679742,,,,9.47402305603027
10.8512,2.74853,10.5059612751007
9.87271,2.29102,10.8981225013733
9.11575,1.69981,10.1545318603516
6.93284,1.47391,10.1622388362885
7.79219,1.42255,9.93940896987915
9.00107,2.2934,,8.8061564207077
8.6023,,0.918234,,,,9.3501496553421
10.5236,3.08578,11.8970155239105
7.71425,2.95832,9.49228937625885
12.4191,2.92836,10.9365328788757
8.40684,1.99362,11.0888675689697
7.81944,2.82776,8.88277704715729
7.95288,1.38869,9.50541641712189
7.55612,2.53278,9.24832766056061
10.1633,2.24054,11.4069746494293
8.46588,1.80222,9.78203284740448
7.65752,1.82754,8.91089849472046
8.21078,1.35437,10.4209234237671
6.15606,1.66596,10.2896842956543
7.89566,1.77684,10.0338086128235
8.56444,1.44973,10.3016997337341
8.33901,1.04486,9.88463928699493
6.55567,1.30443,10.0799236774445
8.15774,1.16485,9.53432657718658
6.55921,1.36105,10.2393827915192
7.72742,0.996931,,,,9.63263032436371
7.2031,,1.48198,9.58278489112854
8.27183,1.57948,10.6569517612457
6.5788,,1.66084,9.64768619537354
7.30407,1.62758,10.3111253261566
8.52381,1.43291,10.1286211013794
8.44317,1.06635,10.0037611246109
6.14777,1.39117,9.72300250530243
6.68417,1.35953,10.0539249420166
9.70644,1.47443,10.323562002182
7.97342,1.00989,9.66196455955505
6.56567,1.54364,9.38486738204956
8.40157,1.43318,10.264156961441
6.44633,1.72142,10.6029829025269
9.04392,2.28056,8.71389267444611
8.49146,1.62007,9.61124610900879
8.74908,1.24599,10.1121296405792
6.16766,1.60858,10.0800534963608
6.65801,1.19345,10.0228451013565
9.48506,1.54932,10.3174260616302
8.86546,0.871543,,,,9.85949966907501
7.36367,1.4422,,9.86579089164734
7.85387,1.16154,10.0732850551605
6.60538,1.06418,9.91556522846222
7.81617,1.27792,10.2715607643127
7.18743,1.44379,9.68102357387543
8.12094,1.94084,9.48905344009399
6.45618,0.939217,,,,9.79592339992523
6.87796,0.784822,,,,9.294078540802
8.82321,1.26621,9.9648508310318
7.67645,0.855767,,,,9.29622433185577
6.48371,1.13218,9.45538992881775
6.64378,0.93663,9.88787231445313
9.87656,1.21649,9.64839215278626
7.53141,0.857804,,,,9.4702068567276
6.50436,1.13444,9.9066041469574
7.91424,0.966608,,,,9.70933508872986
6.66451,1.38811,9.26601309776306
7.4889,,1.34841,9.79929106235504
8.12285,1.48382,9.6963267326355
10.3723,1.27614,10.6983855247498
6.22036,1.37712,9.66895923614502
6.92412,0.888958,,,,9.94957029819488
8.1532,,1.0823,,9.61883134841919
8.18017,0.793424,,,,9.51236958503723
6.47817,1.42588,9.70073013305664
6.27121,0.913182,,,,9.67896976470947
10.4961,1.2189,,10.3574471473694
8.76355,1.19955,9.46380426883698
6.4214,,1.22226,9.75162298679352
8.32947,2.46622,9.1279046535492
6.19401,0.938457,,,,9.96627094745636
7.17687,0.677498,,,,9.32666819095612
7.84886,1.27274,10.6554937362671
7.729,,,0.999655,,,,9.88090658187866
6.08531,0.780386,,,,9.5456460237503
6.55467,0.892319,,,,9.44970691204071
8.86174,1.40343,9.79112582206726
7.78942,1.01053,9.81874480247498
6.51508,1.43248,9.90309879779815
6.06128,0.801846,,,,9.55361104011536
10.043,,1.301,,,9.86223864555359
7.78868,0.997606,,,,9.4063196182251
6.51706,0.988896,,,,9.2123078584671
7.87259,1.57594,9.7318975687027
6.06013,1.28977,9.67187912464142
6.92918,0.989369,,,,9.57490875720978
7.59853,1.96366,9.64823114871979
8.25447,1.54285,9.61184244155884
6.42106,1.83336,9.28153257369995
9.82042,2.62986,11.246878194809
6.92661,2.06736,8.81217980384827
11.5514,4.60464,11.0600356578827
9.01129,2.85125,8.59252414703369
8.04995,4.85509,8.39215104579925
10.6519,5.5237,,12.7151031017303
7.43576,4.02625,8.82485775947571
11.8835,4.09246,14.1539781570435
9.38498,4.17777,11.1464078426361
8.43622,4.56622,8.06434624195099
9.77423,4.97255,13.2147329807282
6.73699,3.7685,,7.56656577587128
7.36996,2.57945,8.96500220298767
8.33464,3.15124,8.30923755168915
8.99209,3.61281,10.3635846138001
6.30254,2.36325,8.32802946567535
6.62626,1.75842,9.45000357627869
10.099,,2.99487,9.97434389591217
7.88272,2.13321,8.84922528266907
7.26942,2.4859,,8.19810004234314
8.96611,4.02032,10.2399527549744
6.39678,1.45498,9.59132609367371
10.9884,2.79217,11.4089523792267
8.08423,1.58575,9.9159339427948
7.57242,2.03852,9.26183114051819
9.31228,4.99798,12.5836419582367
6.30332,1.91159,8.51756043434143
7.49714,2.38619,12.374018907547
8.17788,1.89332,9.92249743938446
10.4144,4.88945,11.3650485038757
6.68114,2.74025,7.89238648414612
8.70243,2.05622,11.2944789409637
7.07305,2.24837,8.11418116092682
8.28772,3.43374,8.5694831609726
9.26101,3.58684,10.2576867103577
8.69439,5.49263,8.86918346881866
10.2885,4.24256,12.5947217941284
15.4867,7.69679,18.6293383121491
13.5312,6.32103,12.3776306629181
9.87232,3.32038,8.37834458351135
9.05344,4.48534,10.3428347587585
6.83654,3.0483,,6.95014541149139
7.03838,2.08595,10.6228837966919
9.46381,1.51055,10.2366997241974
8.08173,2.10711,10.6974908351898
6.97091,1.10711,9.79980101585388
7.81589,0.811408,,,,9.43509936332702
6.45087,0.828473,,,,9.24172167778015
9.57434,1.15379,9.99257900714875
7.70876,1.94543,9.39406101703644
7.90593,1.21186,9.93268892765045
7.90085,1.3424,,10.0312833786011
5.8888,,0.653011,,,,9.31412298679352
7.16069,0.988862,,,,9.59964988231659
9.77183,1.53615,10.0657515048981
8.29208,1.74215,9.57086758613586
6.72427,0.829319,,,,9.4780645608902
7.44707,0.853299,,,,9.90755982398987
6.57015,0.647282,,,,9.12506761550903
10.0406,2.13608,10.7749269485474
8.50628,2.65917,9.54306061267853
7.71954,1.05348,9.72143943309784
7.81172,0.750075,,,,9.36358501911163
6.19856,0.957677,,,,9.48678543567658
8.0717,,2.65985,10.0706329584122
9.54566,1.41584,9.78949680328369
8.25592,1.42474,10.1476642608643
6.51766,1.01,,,,9.43144931793213
7.84958,1.31094,9.830450963974
6.93902,1.23849,9.57785351276398
10.1969,1.47706,10.135712480545
8.43126,1.76223,10.4430586338043
7.15325,1.31808,9.81056840419769
7.9846,,1.39681,10.1165954113007
6.03124,1.20237,9.76822752952576
8.48466,2.8229,,9.11665885448456
7.96802,1.76973,9.41804940700531
8.34907,1.47626,10.7003358840942
6.03173,1.65094,9.73376874923706
7.34333,2.43336,10.3150674343109
9.58821,1.76625,10.0360850572586
8.42786,1.34722,10.6847964763641
6.43884,1.61042,9.19254434108734
7.96696,1.35654,10.7143274307251
6.40594,1.6629,,9.50357930660248
7.88502,1.96289,11.0435514450073
7.58396,1.56388,8.99989666938782
8.43118,1.33833,9.38217263221741
6.47981,1.7912,,9.51988997459412
7.61287,1.98824,9.29670796394348
8.26028,1.48258,9.26265442371368
8.46655,1.07194,9.39213538169861
6.30302,1.59499,9.67157924175262
8.07761,1.44405,9.72824659347534
7.01557,2.21252,10.4065483093262
10.1758,1.53215,10.7055686950684
7.96924,1.12297,9.90280551910401
6.65076,1.61728,9.00057463645935
8.52324,1.97235,10.0051973581314
6.62808,1.95473,10.8966038227081
7.10103,1.25661,9.77156174182892
7.79211,1.69446,8.90168998241425
8.21327,1.53654,9.34232130050659
6.36421,1.82613,9.67586534023285
6.94639,1.75061,10.0757467508316
10.4206,1.62051,10.0066199302673
7.76323,1.1145,,10.0834680080414
6.50723,1.69706,9.2638016462326
7.74647,1.89446,10.5424573421478
6.39677,1.43199,9.25604519844055
7.73387,1.03188,9.89178440570831
7.71041,1.67715,9.61174216270447
8.19738,0.9409,,9.53050897121429
6.32749,1.56011,10.7020968914032
7.31847,1.08302,9.9817006111145
8.75992,1.76042,9.15514500141144
8.52524,1.27021,9.70140027999878
6.41175,1.61873,10.1988161563873
6.20977,1.12938,10.0591289997101
9.40791,1.70823,10.4887870788574
8.03237,1.33678,9.91506702899933
6.6374,,1.48381,10.0335832357407
8.74925,2.7006,,8.99597446918488
6.17782,1.19471,9.44957146644592
7.41899,0.94588,9.9265692949295
7.73661,1.45022,10.2173705101013
8.60951,1.31482,10.0734845876694
5.88653,1.16493,9.96682224273682
6.43014,0.892803,,,,9.51314010620117
9.98414,1.56146,10.1449564933777
7.97035,1.02408,9.76275675296784
6.4772,,1.04387,9.58322381973267
8.42062,2.93477,11.5640071392059
6.28277,0.954139,,,,9.24250013828278
7.14158,0.784823,,,,9.64010670185089
7.3664,,1.11265,9.43716192245483
7.98102,1.71195,9.81242609024048
6.29759,1.02688,9.70329134464264
6.63356,1.14704,9.93643386363983
9.0086,,1.3285,,10.3280652999878
7.87282,1.01279,9.46489162445068
6.48635,1.13944,9.58754715919495
8.31937,1.50543,9.84489514827729
6.52623,1.23662,9.73379504680634
7.63757,1.18811,10.0274409532547
7.72038,1.33201,9.85313811302185
8.42171,2.5268,,10.9236381053925
6.2946,,1.12564,9.75156321525574
7.21341,1.52589,10.587665605545
8.79332,2.0412,,9.71070711612702
8.60108,3.33948,11.1769463539124
6.68252,0.844576,,,,9.51246054172516
7.75233,1.31127,9.72236423492432
6.59746,1.32067,9.5111790895462
9.2235,,1.83863,10.7772704124451
8.38082,2.19835,10.800617313385
7.49588,1.2605,,9.65998117923737
9.42024,3.55371,10.2671076774597
6.08385,0.987217,,,,9.52346029281616
7.45079,1.17492,10.237385892868
8.22214,1.63069,10.4786612033844
8.94055,2.27725,9.32611837387085
6.41372,1.39689,9.71409206390381
8.52717,1.88398,10.7580625534058
6.47517,0.901097,,,,9.72092111110687
9.57997,1.55771,9.72711777687073
8.08203,2.24421,10.9506304740906
7.0985,,1.20054,9.8184511423111
8.12718,1.40332,9.9864100933075
6.30932,1.27939,9.91520729064941
10.5921,1.2799,,10.158437871933
7.58315,2.16392,9.63988962173462
9.49804,1.06313,10.0048926830292
8.02108,1.01195,9.72201979160309
6.64901,1.62749,9.49219319820404
7.00957,1.21178,9.72615070343018
10.819,,1.62005,10.5000130653381
8.59876,2.9042,,9.72830023765564
7.59513,1.14306,10.0123176336288
7.93574,0.632569,,,,9.30843665599823
6.62374,1.08881,10.1483362197876
8.41003,1.20159,9.9823041677475
8.06054,1.40122,9.6334979057312
8.65582,0.891906,,,,9.91808266639709
6.34329,1.37565,10.452285528183
7.25086,1.91564,8.80738394260406
10.3916,1.25713,10.4578032016754
8.42568,1.27823,10.2540807247162
6.97024,1.50521,9.34420347213745
8.13319,1.24064,10.0943516254425
6.61816,1.87395,9.79858286380768
7.57399,1.4051,,10.1917751312256
8.78672,1.25568,10.0242914438248
8.44587,1.16238,9.80602734088898
6.49803,1.6449,,9.34109659194946
6.86426,1.96892,9.44308116436005
10.9819,1.25766,10.3157283306122
8.07758,1.19253,9.37223169803619
7.37914,1.76945,9.79659171104431
8.25815,1.36055,10.6510100364685
6.50627,1.76839,10.743714094162
6.88294,1.12688,9.88633003234863
9.51503,1.60979,9.79288704395294
9.24039,1.23113,10.4679557323456
6.65106,1.79754,9.04297158718109
6.42257,1.55209,9.67156744003296
7.45919,1.39907,9.04087088108063
7.23824,1.57492,9.31410546302795
8.0527,,1.53455,10.1363995552063
6.31649,1.36137,9.81636257171631
6.79172,1.40554,9.76653625965118
9.70518,1.98563,10.443400144577
8.13035,0.893671,,,,9.63234198093414
6.84272,1.88558,10.5610444545746
6.38503,1.22944,10.0356041669846
7.60544,1.30639,10.5259751319885
7.55554,1.91812,9.8336297750473
9.4391,,3.88598,11.3587582111359
6.1779,,0.994513,,,,9.65825624465942
6.9871,,1.41371,9.87022428512573
7.85822,1.47312,9.50145237445831
8.77851,3.74056,9.87237734794617
6.98072,1.18455,9.71810028553009
9.0248,,2.956,,,9.58157818317413
6.57432,0.913588,,,,9.93021383285522
9.88063,1.85721,10.9153023719788
8.07777,1.46391,9.93428740501404
7.55588,2.0072,,10.2311757087708
9.95851,5.30268,10.3239606380463
6.24949,1.04777,9.62208182811737
7.22164,1.16858,10.0840646028519
8.27011,2.10208,8.36147015094757
8.76797,3.27329,12.5466461181641
6.77728,1.12439,9.52053968906403
7.82828,0.957401,,,,9.63724734783172
6.83189,1.19041,10.1056865930557
8.41977,1.13787,9.86352398395538
8.03897,2.00876,8.88571665287018
7.36911,1.28698,9.61746046543121
8.25773,2.27187,10.2517611026764
6.76221,1.42332,10.2182281494141
9.4236,,2.07707,10.3930112361908
7.60231,1.65574,9.25428185462952
8.2448,,2.00404,11.0718567371368
9.46158,3.9933,,9.50029113292694
6.65872,1.49652,10.2489479541779
7.02944,1.42789,9.83863546848297
8.66289,2.15235,9.84808008670807
9.64189,5.31908,11.8077177047729
6.41607,1.29741,9.80644891262054
8.11743,1.093,,,10.0247312307358
6.72928,1.16192,9.95631649494171
9.63586,2.97921,9.74672701358795
8.91009,3.72622,10.5522997379303
7.59538,1.39673,9.58307158946991
8.1634,,1.74687,9.99839017391205
6.46578,1.19063,9.46863045692444
10.0419,1.6668,,10.2173390388489
7.97292,2.68668,8.7127366065979
8.93925,1.81281,9.19137525558472
8.91991,3.41635,10.3607277870178
6.29666,1.48367,9.49012989997864
7.0564,,1.6908,,10.6938439846039
10.6104,2.5204,,11.0514338970184
8.76235,2.41899,9.16847887039184
7.00751,1.54952,9.97703046798706
7.80097,1.25227,10.3104224205017
6.52483,1.46583,10.2234076976776
10.5481,2.27402,10.0481081485748
8.37054,2.49184,11.4719864845276
7.96342,1.47166,9.34095051288605
7.74173,1.37513,10.4018452644348
6.35438,1.08141,9.54251546859741
9.35556,1.26623,9.97045292854309
8.06955,2.64671,7.9441623210907
9.0299,,1.67774,9.18105711936951
8.33632,1.76439,8.87327213287353
6.36669,1.11308,9.79708704948425
7.23468,1.36532,9.68239116668701
9.97622,2.33838,11.2255675315857
8.92979,2.33979,8.91928877830505
6.74481,1.53051,9.15476951599121
8.08732,1.7097,,10.1103320360184
6.38417,1.36785,10.3852603435516
10.2332,2.40148,10.4513339996338
9.0666,,3.0063,,10.2900531768799
7.81006,1.62504,9.53346722126007
8.34541,1.73754,10.0930276155472
6.2753,,1.42969,10.16575756073
7.96129,2.29401,8.16447293758392
9.29087,1.71298,9.22699244022369
8.91894,1.72604,10.7666259288788
6.75754,1.58436,9.42252342700958
8.24168,1.5355,,9.66353976726532
6.63062,1.56462,9.41142854690552
9.97595,1.74416,10.545997428894
8.67859,1.65511,9.65841755867004
7.15307,1.91276,8.55790276527405
8.72376,2.17642,11.8060042381287
6.36223,1.753,,,10.4678023338318
8.08256,2.20336,10.8023109912872
8.71576,1.9318,,9.43863961696625
8.80296,1.76254,10.5524114131927
6.12238,1.59573,9.75939815044403
7.53874,2.54185,9.76727306842804
10.1213,1.51031,10.2768406867981
8.41,,,,1.27247,10.11850066185
6.74363,1.49184,9.48902797698975
8.47079,1.66314,10.2647993087769
6.90704,2.36272,8.22338435649872
8.10314,2.00094,10.5319148540497
7.5308,,1.31272,9.73613474369049
8.6283,,1.5222,,10.3448399543762
6.53919,1.45621,10.1565392017365
8.43146,2.08576,9.4983069896698
9.15152,1.47263,9.80561151504517
8.45107,1.42736,10.3190762996674
6.19451,1.23569,9.95150918960571
7.11994,1.53596,10.001459479332
10.0952,1.72849,10.7878073692322
8.34086,1.40131,9.53410077095032
6.74372,1.43085,10.1349712848663
8.21377,1.31576,10.0590623855591
6.51396,1.91162,9.46802036762238
7.78287,1.40117,10.6514342308044
7.76303,1.20541,9.62334053516388
8.38796,0.727091,,,,9.76399335861206
6.69115,1.44561,9.7390552520752
7.46396,1.84964,9.67991402149201
9.55055,1.18951,10.4137057781219
8.10833,0.774415,,,,9.78358585834503
6.42654,1.49705,10.0834004163742
8.44023,2.09947,9.69499795436859
7.35896,2.31228,10.1627922534943
7.77981,1.20326,10.1407169342041
6.97293,1.29502,9.68726031780243
7.92231,0.802008,,,,9.38457200527191
6.70687,2.01882,10.6658528327942
7.30269,1.01507,9.74154884815216
8.5969,,1.23322,9.64911668300629
8.04194,0.774471,,,,9.53427355289459
6.27467,1.51578,9.88147475719452
7.04238,1.19733,10.1502983570099
9.87987,1.5576,,10.4911561012268
8.31969,1.20964,10.2655146121979
6.55662,1.52316,9.52110798358917
7.79479,1.51661,9.45955729484558
6.61229,1.05985,9.75418629646301
8.10319,1.36044,10.0631301164627
7.69881,1.51216,9.89569008350373
8.01075,0.832545,,,,9.65884566307068
6.79478,1.3298,,10.304189825058
6.95059,0.832487,,,,9.49590537548065
9.39827,1.75254,9.81153159141541
8.50212,1.22811,10.2337424755096
6.02414,1.10856,9.60069713592529
6.27187,0.96085,9.72592506408691
7.84619,1.0693,,9.3624018907547
6.98201,1.63914,9.68928639888764
8.50708,2.01892,10.2132691860199
6.1403,,1.47484,9.78603146076202
6.81258,0.974176,,,,9.68509964942932
8.26219,2.00134,10.0229612350464
8.9618,,2.39597,9.09244024753571
6.6426,,2.06124,10.5734587669373
6.46714,1.31656,10.0719242572784
9.81271,2.15041,11.1353119850159
7.94846,1.65767,10.963835811615
7.16354,1.68505,9.7962869644165
9.39653,3.39896,11.2285610198975
6.18029,1.37735,10.138205242157
7.29953,0.96162,9.6070627450943
7.55696,1.63988,9.54225871562958
8.99347,3.22621,7.7104781627655
7.019,,,1.67811,9.391233086586
8.37088,1.46074,10.341869354248
6.41394,1.19808,9.69857549667358
9.44938,1.73155,11.0208971977234
7.79192,2.30374,8.93631408214569
7.70813,1.39939,9.49839241504669
9.15584,2.34014,9.60397119522095
6.18814,1.32127,10.1050882101059
7.26988,2.18603,9.76244447231293
9.051,,,1.36652,10.4769465923309
8.50246,2.28491,10.0324058771133
6.82074,1.34755,9.14976689815521
8.08384,1.07633,9.93341953754425
6.65554,1.48752,10.9918981075287
9.55986,1.21926,9.58458380699158
8.50543,2.65536,9.48631162643433
8.08441,1.31053,9.92234554290772
8.66828,1.34511,9.99731793403626
6.24719,1.44969,9.76541359424591
8.93337,1.23231,9.60469396114349
8.03842,2.48867,10.4238440513611
10.08,,,1.63501,10.3617198467255
8.94482,1.81736,10.2012977123261
7.00528,1.54176,9.58684434890747
8.97701,1.63491,9.89573321342468
7.23632,2.67229,8.30360341072083
8.14676,1.53242,9.21792426109314
8.25172,1.85404,9.9404568195343
9.05986,2.26033,9.57239067554474
6.66267,2.25793,8.7798787355423
8.06339,3.1489,,10.2456220149994
9.55634,1.68023,9.95056297779083
8.70774,1.70907,10.9077079772949
6.55636,1.70421,10.0031529664993
8.37821,2.51962,10.9814899921417
7.11268,2.24342,9.67353520393372
8.26901,1.9184,,10.3423521518707
7.19175,1.72647,8.75315554141998
8.40269,1.24348,10.1485441684723
6.66166,2.21416,8.35400500297546
7.72344,2.05928,10.8872437477112
8.13916,1.82582,9.21061251163483
8.95575,1.50367,10.078359746933
7.21993,2.61436,7.58692469596863
7.89516,2.09338,10.4020144939423
9.88483,2.06875,10.2408757209778
8.67542,1.96086,9.5126282453537
7.33681,2.69584,8.7846227645874
9.68629,3.30811,12.9955898761749
6.76371,1.82779,10.9838479042053
7.56279,1.73945,9.35661940574646
8.67468,2.47633,9.09297821521759
8.70348,1.90247,11.072435426712
6.80428,1.75172,10.405927324295
6.87956,1.51589,10.5170072078705
9.7275,,1.5153,,10.6676903247833
8.39301,1.30245,10.5110376358032
6.73359,2.00946,9.33227598667145
7.97781,1.73258,9.76777489185333
6.89751,2.58174,9.46085920333862
7.79459,1.41496,10.603230381012
7.49892,2.17989,8.6905163526535
9.02095,2.9887,,9.1524619102478
6.66575,1.76229,10.2666907310486
7.16186,1.0492,,9.78226027488708
9.09949,2.1033,,10.8451880455017
8.54518,1.73972,10.3627084255219
6.46123,1.45637,10.1492939949036
6.9166,,1.91566,8.88465664386749
7.95983,2.16787,11.0494283676147
7.05802,1.89839,9.80889492034912
8.7983,,3.28566,10.8847365856171
6.44833,2.01535,9.7114349603653
6.67075,1.20964,9.82216713428497
7.89277,2.19172,8.82607936859131
8.92578,3.29098,9.66349196434021
7.48741,1.57259,10.1753612518311
9.03691,3.11614,10.6800657749176
6.25078,1.32596,9.46884076595307
7.48503,2.01382,8.44022233486175
8.12413,2.18439,11.7796262264252
11.4697,7.06947,8.67914023399353
6.34299,1.23959,9.8696727514267
7.95446,0.982384,,,,9.24641180038452
6.97828,1.82698,11.3020448684692
7.99589,1.34885,9.72209541797638
9.15196,3.21689,11.8264537811279
7.10195,1.48118,9.51743156909943
8.2254,,0.942402,,,,9.28223276138306
6.56416,1.36189,10.6533654689789
8.65738,2.14053,9.84729399681091
8.28058,2.8527,,9.7431964635849
8.90591,2.0461,,8.34135494232178
8.52822,1.85191,10.7079541683197
6.5792,,1.145,,,9.73803148269653
8.93182,2.014,,,11.0074676513672
7.3885,,1.73985,9.43509171009064
9.39143,1.23497,10.1782007217407
8.12963,2.1022,,10.0655977964401
6.65449,1.30121,9.28389036655426
7.77343,1.40913,9.09961423873901
6.70908,1.5043,,9.53843290805817
9.82189,2.80313,11.2557635307312
9.54967,4.33988,10.6872141361237
7.60167,1.34615,10.0995157003403
8.04989,0.915185,,,,9.74815821647644
6.34226,1.3715,,10.3089016914368
7.99723,1.85532,10.8524208545685
9.39225,1.56853,10.3661073684692
8.66123,1.11193,9.97645792961121
6.9932,,1.40684,9.50462601184845
8.25993,1.08013,9.44310126304626
7.53557,2.63252,8.87542111873627
8.38772,1.8373,,11.24992146492
7.92375,1.41068,8.95978879928589
8.14843,1.09132,9.82855830192566
6.88385,1.7286,,9.38804285526276
7.75487,1.55385,9.81843111515045
9.90696,1.73716,11.3883715629578
8.74901,1.61011,9.86484663486481
7.13681,1.94221,9.45427541732788
7.94846,1.53208,10.5568382263184
7.707,,,2.65237,10.083405995369
8.13796,1.55428,10.1242710113525
8.48592,2.36948,7.7920318365097
8.44478,1.379,,,9.56244180202484
6.82042,1.91876,10.6073231697083
7.36262,1.91934,8.58615064620972
8.48875,2.00836,8.56912698745728
6.76617,1.9645,,9.1766844034195
8.48229,2.93983,7.8980456829071
7.41203,2.68296,9.18904616832733
8.11008,2.00393,7.96587073802948
7.45123,2.90234,8.42900860309601
8.77852,2.38368,11.353812122345
7.01869,2.52446,9.82675852775574
7.67362,2.28378,7.57058131694794
9.07437,3.50922,11.2873396873474
9.20203,2.7396,,12.7601123809814
6.93756,2.42602,9.18512697219849
7.5227,,2.66077,8.56283936500549
8.49092,2.63651,8.45739846229553
7.72312,3.07436,9.71289715766907
10.3655,5.70568,12.3591133594513
7.23842,3.08506,7.67431352138519
7.02043,2.59613,7.53670988082886
9.33505,3.63256,10.5065344810486
8.94195,3.56708,9.14523282051086
8.31479,3.64435,7.53751819133758
9.21978,3.13577,10.6401458263397
8.04409,3.65342,7.83874258995056
8.47916,3.73841,8.19963994026184
8.4446,,4.27362,7.58369936943054
10.1401,4.50586,15.7712691307068
8.51417,5.68981,9.14358859062195
9.72409,4.55175,9.60206632614135
8.98379,5.71362,9.74867744445801
10.6161,7.77574,12.1300632476807
12.1039,8.22189,15.2758805751801
11.4696,9.28136,14.9293185710907
11.7996,8.01681,12.9189482212067
13.6663,10.4208,20.5383987426758
9.64907,5.06715,8.75698773860932
12.1294,6.15066,13.6228359222412
10.4022,6.56551,10.4872892379761
10.7789,5.33055,15.7037866592407
13.2596,7.01354,14.4633572101593
9.00654,4.71175,9.36830093860626
10.1579,4.74049,10.0227737903595
10.8304,6.51704,15.6469479084015
8.4991,,5.21846,8.41539783477783
9.27357,4.49306,11.0635193347931
8.19473,4.80561,9.11950933933258
10.7926,5.73021,10.0744388341904
10.6327,6.78531,14.7890319824219
10.2405,6.91071,10.5988615512848
10.5389,5.83035,9.96447484493256
9.11716,6.62577,9.86396582126617
12.7273,7.97267,13.6990401744843
11.6079,8.44746,14.6918664455414
12.2918,9.31376,14.4074944496155
11.4324,7.27649,14.5323819160461
11.7821,10.2042,15.9400410652161
11.539,,7.84733,12.2973903656006
13.5546,11.5593,17.4942056655884
16.464,,10.0706,18.1972905158997
14.2004,11.3581,22.9742327690125
16.6655,9.4945,,17.4475064277649
13.7459,10.3588,17.9224912643433
11.1544,5.88784,12.7938954353333
11.1219,6.04872,10.2969034194946
11.1058,4.0589,,13.7493671894073
10.2165,6.37759,11.0922180652618
15.1254,4.67523,15.458521938324
15.1503,9.53868,21.1824143409729
8.8493,,2.24347,9.54480993747711
15.8871,8.16843,17.6766914367676
9.60218,3.12784,7.82647728919983
13.4029,7.60889,17.4102342605591
7.69388,3.5604,,7.94513039588928
10.589,,4.47908,14.1476192951202
9.13801,4.85533,10.6957260608673
10.076,,4.23019,9.56057541370392
9.88025,3.75977,9.3330619096756
7.18912,2.97128,7.71957359313965
9.51678,3.30437,9.35241260528564
8.17041,3.60784,9.63873836994171
10.7037,2.42183,11.5034181594849
9.83222,2.82957,9.27976367473602
9.222,,,2.2318,,7.78941519260406
8.8789,,2.1225,,9.21979966163635
8.68241,2.47881,8.72227339744568
9.27488,2.62754,11.5638213634491
8.19908,2.27278,8.29260313510895
8.98478,1.9603,,8.51705837249756
6.96785,2.39551,8.49927484989166
8.07995,2.50093,11.1067697048187
9.29259,2.28392,10.2483290195465
9.00702,2.00346,10.6877352237701
7.1763,,1.80225,8.30212652683258
9.2133,,1.84069,9.60754308700562
7.53661,2.64565,8.20061135292053
8.56678,2.18673,11.2588814735413
8.08762,1.68482,9.13851654529572
8.62191,1.72236,8.49072704315186
6.8384,,2.16971,8.10657954216003
8.07197,2.01819,9.63396842479706
8.98983,1.83576,10.6114707946777
8.74321,1.77062,9.0770028591156
7.17168,2.30019,9.53781280517578
8.27589,1.70783,10.8825420379639
7.1945,,2.19289,10.7757894515991
8.18542,1.71247,9.65843143463135
7.54286,2.18109,7.86846904754639
9.15983,1.81576,11.2128873348236
7.14251,1.94059,9.89053039550781
7.70086,2.0735,,10.719126701355
8.46344,1.30949,10.1718096256256
8.51056,1.44846,9.5591255903244
7.19235,1.88528,8.55259940624237
9.00185,2.57852,8.69074788093567
7.44213,1.91047,9.77629215717316
8.51209,1.70946,10.3508865356445
7.4637,,1.87639,9.04299209117889
9.09242,1.57867,10.3281445503235
7.05193,1.6015,,10.5094037055969
8.01682,1.23739,9.76761360168457
8.90519,1.70624,9.74653737545013
9.21079,1.49988,10.3079692840576
6.8174,,1.14571,10.0725042819977
7.2765,,1.38989,9.42757682800293
8.97782,1.44285,10.2876368522644
8.20135,1.22581,9.8104389667511
7.07506,1.50264,9.93761639595032
8.83962,3.07278,8.71027498245239
6.86167,1.19197,9.8714732170105
7.56079,0.665456,,,,9.45740201473236
7.96889,1.61488,9.85863666534424
8.71654,1.3961,,9.6670426607132
6.97805,1.3585,,10.399557352066
6.87613,1.11285,9.96237540245056
9.36996,1.48535,10.5603425502777
8.07388,0.858439,,,,9.61390016078949
6.85369,0.896194,,,,9.46744709014893
8.15655,2.52115,8.32910897731781
6.64884,1.02662,9.73052034378052
8.3635,,0.86129,9.78829603195191
8.24586,1.90696,11.2373302936554
8.86645,1.60233,9.63467593193054
7.13597,1.41114,9.75741386413574
9.78212,3.37564,9.86675329208374
6.79654,1.00916,9.53349299430847
8.76613,1.36139,9.99982631206512
8.44851,0.954101,,,,10.0882269620895
7.42821,1.731,,,10.8449264526367
10.251,,5.56316,10.945970249176
6.68203,0.798158,,,,9.40453364849091
7.89352,1.20199,9.6952835559845
7.48483,1.71614,9.62344515323639
9.47398,4.02612,11.9610120773315
6.8961,,1.52892,9.24577219486237
8.38381,1.51362,9.93173463344574
7.80701,1.64911,9.2316707611084
7.95358,2.17281,9.43341162204743
9.30962,3.24858,8.91646988391876
7.27072,1.50742,9.48683035373688
9.20932,2.20295,10.8623761177063
6.78008,0.986011,,,,9.87056393623352
8.0841,,2.13671,9.75676078796387
7.65633,1.53692,10.4355855464935
8.90909,1.92805,9.13591487407684
6.96384,1.13072,10.0891718864441
8.74994,1.42928,10.011417889595
8.38561,1.71099,9.8767560005188
9.00843,1.62373,10.0837399721146
9.01473,3.27438,11.0710507392883
7.26854,1.17259,9.62505433559418
8.40172,1.31656,9.61792144775391
6.95489,1.00732,9.71622695922852
8.95889,2.10762,9.21669173240662
9.2729,,2.28951,9.91618678569794
7.223,,,1.28019,9.51833798885346
8.60247,1.25675,10.1338271617889
6.91426,0.996168,,,,9.72435700893402
7.87192,1.81515,9.34705722332001
8.12983,1.44636,9.73510050773621
9.41575,3.46415,10.5974016189575
7.10814,1.04653,9.47486536502838
8.88612,1.4901,,10.0429973363876
7.54948,1.49828,10.1777940750122
8.70948,2.19432,10.7908382415771
8.68009,2.9854,,8.89550030231476
6.99099,1.12033,9.22041795253754
8.46337,1.20577,8.851131939888
7.27889,1.146,,,9.9072826385498
9.02151,2.18886,9.84822387695312
8.86145,2.83872,10.7544140815735
7.83558,1.3905,,9.74256887435913
8.54133,1.17768,9.67011988162994
6.86835,1.28293,9.8775221824646
8.51228,2.50162,9.69692153930664
8.32591,1.31983,9.75332865715027
8.90367,1.45292,10.1719130992889
6.60616,0.997369,,,,9.39645850658417
7.59584,1.31883,9.36429159641266
9.12523,1.69453,10.8231078147888
9.35683,2.36454,9.82214534282684
6.98094,1.11739,9.43442068099976
8.74823,0.973882,,,,9.41812970638275
7.12355,2.0528,,8.85028836727143
8.06014,1.66032,10.0238335609436
7.90063,1.37571,9.94187023639679
8.69039,1.74028,9.09305033683777
7.21558,1.37132,10.0398624897003
8.09914,2.65682,10.8529808998108
9.42633,1.57836,10.4087911128998
8.42653,1.04508,9.70261640548706
7.17754,1.23873,10.0788011074066
8.42419,1.07187,10.0844007492065
7.37934,1.41252,9.98894786834717
8.29053,1.41605,10.3901202201843
7.4354,,1.31867,9.46708703041077
8.64375,1.11645,9.20562741756439
7.60086,1.39366,9.20395245552063
7.64964,1.45578,9.83596925735474
8.38133,1.34132,10.0044832468033
8.77243,1.06012,10.0577834129334
7.08085,1.4989,,9.80808670520782
8.67521,1.09636,9.82696213722229
7.9552,,2.01426,10.7287889957428
8.2357,,1.06874,9.95281054973603
7.89516,1.48948,9.92017705440521
11.5322,1.5646,,10.22066822052
7.0032,,1.19575,10.1612438678741
7.60009,0.975257,,,,9.71634409427643
8.1644,,1.21325,10.1455303668976
8.44178,1.04831,10.071252155304
6.66035,1.25889,9.66317567825317
8.11077,1.56589,9.27974307537079
6.95756,1.55483,9.70888857841492
8.27346,1.13981,9.71041600704193
7.11382,1.77247,10.3849261760712
8.89149,1.82147,10.8935111999512
6.89675,1.68796,10.541895866394
7.32671,0.774512,,,,9.6481912612915
8.82949,1.0629,,10.0387535810471
8.94123,0.722421,,,,9.6503292798996
6.94791,0.991177,,,,9.25088610649109
6.86684,0.675987,,,,9.58287627696991
8.16095,0.628594,,,,9.50829236507416
7.3518,,1.76882,10.8926373958588
8.99012,2.69734,9.73783943653107
7.31627,1.38046,10.4724969387054
7.79027,1.30343,10.5070303440094
7.88161,1.45323,9.81842639446258
8.57009,2.04896,9.5940502166748
6.70597,1.00789,9.38864059448242
6.85542,0.634557,,,,9.2568261384964
8.55649,1.43039,10.6627145290375
8.45219,1.2752,,9.37876720428467
7.29888,1.69009,9.81310954093933
10.6239,5.41526,11.443391084671
6.99859,0.90986,9.7782966375351
7.42417,1.07509,10.0033744573593
7.11648,0.966832,,,,9.56922922134399
8.36315,1.9752,,9.92132549285889
6.95492,0.91543,9.55466222763062
8.772,,,1.29087,10.1984320163727
7.41118,0.756991,,,,9.55918004512787
7.936,,,1.9059,,11.2802595615387
9.00676,0.934171,,,,9.99689319133759
7.34938,1.52197,9.78895015716553
9.375,,,3.61958,9.90419511795044
7.5582,,0.828251,,,,9.29841556549073
8.00935,1.0274,,10.2251752376556
8.81736,2.51553,9.65820024013519
9.61787,3.09389,10.0628505945206
7.27586,0.984388,,,,9.55681159496307
8.32025,1.57955,10.2555451393127
6.97988,1.11442,9.7490754365921
8.10815,1.973,,,9.98690664768219
8.8511,,2.08364,9.27650485038757
7.37003,1.10813,9.92300152778626
8.59772,1.16701,9.56483154296875
6.71968,0.787423,,,,9.44323239326477
8.24582,2.41469,9.27402172088623
11.3549,1.78514,11.2859044075012
9.37407,2.48197,10.7670386791229
7.10523,0.91781,10.1687871456146
8.65297,1.46611,10.2914652347565
6.93058,1.26523,9.77524962425232
8.12624,1.5723,,9.68590145111084
7.7716,,0.998867,,,,9.45186178684235
8.49978,0.60625,9.44910573959351
7.71158,1.149,,,9.60830628871918
8.35483,2.41566,10.2418612003326
9.29981,1.22497,10.3350620269775
9.03703,1.01023,10.0089609622955
9.8645,,2.90409,8.64372189044952
9.02315,1.20472,9.69670090675354
14.6036,2.86477,12.886713218689
10.6665,1.67786,10.241864824295
7.6129,,0.85555,9.48638787269592
8.23421,1.22769,9.81687383651733
6.90314,0.806753,,,,9.37603907585144
7.95652,1.26174,9.70362613201141
8.21604,1.17707,10.1006479740143
12.7546,1.7668,,10.2548104286194
7.56233,1.54106,10.2061445236206
9.06912,1.80458,10.8639417171478
7.93685,1.66475,10.3417108058929
8.21611,0.75401,9.64728622436524
7.41257,1.28324,9.67761149406433
8.2849,,0.83579,9.4610075712204
7.0304,,0.765958,,,,10.0652401924133
7.82103,0.853643,,,,9.98768429756164
8.67545,1.64644,9.78900084495544
8.72086,1.63453,10.0615426301956
7.25202,1.41388,9.7196008682251
9.39776,1.07493,9.49655623435974
7.23778,1.51806,9.55354850292206
8.50479,0.864653,,,,9.4731160402298
7.72341,1.85998,10.6014761447907
9.44773,1.7391,,10.6493721961975
7.67603,0.908912,,,,9.823020195961
9.91466,1.96605,9.73699493408203
8.65131,1.65115,10.0318436861038
8.64789,1.68192,10.456443977356
6.84819,1.20747,10.0617147445679
9.29293,2.64438,10.4745331764221
7.11816,0.984465,,,,9.56627066135406
7.94437,0.897629,,,,9.79136235713959
7.48573,1.84879,10.0167750358582
9.10035,2.57895,8.60631051063537
12.0693,4.42793,11.9332778930664
15.4084,2.3055,,10.8074221134186
7.96076,1.48487,9.93082835674286
11.1152,2.11231,9.38042004108429
7.18078,1.38243,9.80121161937714
7.63804,1.11129,10.1841817378998
11.7249,1.42804,10.7796162605286
14.1492,2.64998,9.13762729167938
9.64785,4.35413,12.1213335037231
7.20294,1.20114,10.07231092453
7.92018,0.866904,,,,9.80516390800476
7.31029,1.60114,9.3834086894989
8.47541,2.60969,8.06312713623047
7.048,,,1.30041,10.0743032693863
8.7243,,1.40552,10.1035104751587
7.45476,0.884829,,,,9.90226655006409
7.88793,1.81399,10.9027204990387
8.54044,1.48937,10.0103991985321
7.79397,1.38091,10.2696135997772
8.95413,2.6374,,10.6977722644806
7.23584,0.811704,,,,9.45227248668671
8.24467,1.29877,10.3333862781525
8.35212,2.02864,10.4808501720428
8.94715,2.84727,10.105295920372
6.82706,1.23122,9.85904741287232
8.17489,0.976529,,,,9.50430386066437
7.55483,1.35671,10.4374928474426
8.52911,2.3589,,10.2075150489807
9.79339,3.04496,9.3683468580246
7.62217,1.24177,9.73338038921356
10.2951,1.18118,10.1100568771362
7.06916,0.952076,,,,9.83991115093231
8.59229,2.19376,9.5792896270752
8.62572,2.31423,9.27615692615509
7.96975,1.49794,10.157518196106
9.46319,2.05391,10.9932894706726
6.93672,0.912151,,,,9.31729323863983
8.82659,1.34376,10.4160686969757
7.28877,1.3098,,9.31577711105347
9.14298,1.20948,9.92292666435242
9.07093,2.25201,9.30722372531891
7.81501,1.59608,9.29158840179443
9.27192,1.53565,9.81299819946289
15.0392,6.20696,13.9049144268036
19.14,,,6.30887,13.5134986400604
7.74085,0.866417,,,,9.44137275218964
8.34852,2.03349,8.36104691028595
7.20285,0.988263,,,,9.66158120632172
8.67711,0.996029,,,,9.63079690933228
8.00633,1.34306,10.6078926563263
8.34037,1.32314,10.3891252040863
8.43613,0.844726,,,,9.56977322101593
7.16894,1.33671,9.74040114879608
8.67634,0.682209,,,,9.5830607175827
14.0882,3.54137,9.81017909049988
13.9456,3.11816,10.5476472377777
17.8753,5.23001,10.8337017059326
8.7823,,2.47925,9.20510361194611
18.3525,5.21383,14.1095235824585
8.03234,1.00056,9.79869425296783
8.26766,1.22943,9.78196468353272
8.34508,1.15377,9.52165021896363
8.86176,1.02104,9.89475612640381
7.34213,1.02017,9.56788709163666
8.97685,1.00702,9.95692949295044
8.29049,2.04796,10.6425536632538
16.4164,2.31935,11.3302703380585
14.1186,4.22803,8.69280042648315
7.81788,1.58585,9.83792917728424
11.0378,2.54337,12.1722595691681
6.83311,1.1393,,10.1134748935699
7.9059,,1.22068,10.399694442749
7.52505,1.17649,9.60443553924561
8.92933,1.00364,9.50821888446808
7.27125,1.83774,9.62058584690094
19.5731,4.33158,15.0369759559631
8.60155,1.53439,10.1009555578232
9.5523,,2.86285,8.51127495765686
6.96329,1.33916,9.45635776519775
8.45364,2.03818,10.3068440914154
7.33913,1.28695,9.90411202907562
8.45005,1.22351,9.97452518939972
8.05342,1.16655,9.86203846931458
9.08642,0.927487,,,,9.74336581230164
10.6504,1.74342,11.0116679191589
8.33238,1.36467,10.0942192792892
7.84064,1.18047,9.7497565984726
8.95926,0.788653,,,,9.39221510887146
7.23601,1.22885,9.83976058959961
8.58637,1.21776,10.0296916246414
7.57686,1.3281,,9.8649492263794
16.8332,6.22758,10.7788833618164
8.23274,2.47644,7.69748899936676
15.3928,3.17684,12.58912358284
7.09697,1.417,,,10.3314382553101
7.83053,1.5221,,9.53418874740601
8.9876,,2.48221,8.36383736133575
9.05625,1.20218,10.0209538936615
7.87629,4.24874,9.17861626148224
14.2763,6.59065,10.4017585277557
13.0262,5.30556,9.1031491279602
9.07415,2.44401,9.75615389347076
9.96831,3.54618,10.9398532390594
6.36614,1.94389,9.12709212303162
7.67735,1.02009,9.97189300060272
7.87591,1.51342,9.27095062732696
9.08517,1.55896,9.21316742897034
7.37688,1.44434,9.66401867866516
10.3527,4.18307,10.3030181884766
7.86361,1.72344,9.15833885669708
24.6909,9.22741,20.7930061340332
10.2272,4.60052,9.47190778255463
20.8215,6.99596,17.2916548252106
19.0341,7.81096,18.9963428497314
11.8725,4.40821,12.372732925415
7.83465,0.871689,,,,9.73062908649445
7.48038,1.37004,9.31628894805908
9.00245,2.50999,10.0376678466797
10.1867,1.9247,,10.113315153122
7.87873,0.626766,,,,9.61575837135315
7.35841,1.75172,9.83215022087097
8.42949,1.29567,9.86261706352234
7.13126,1.60375,10.3214994430542
9.68419,3.70039,10.2115563392639
7.30552,1.34859,10.0377091646194
12.5836,3.61335,12.1605172157288
18.5356,6.24041,11.7878257751465
11.0584,2.8689,,8.19119946956634
19.2518,5.73497,16.317535161972
14.4912,3.51265,9.50840108394623
7.66777,3.11569,7.31790134906769
7.53496,1.59029,9.28350586891174
8.75857,1.65069,10.1458892822266
7.01604,1.07991,9.98750877380371
8.80918,1.21647,9.88864576816559
6.9175,,0.838819,,,,9.4341091632843
8.55334,1.93399,10.1322984218597
8.54018,1.44037,10.0724256277084
10.1811,2.15999,8.44090440273285
9.43271,2.0467,,10.7798483848572
12.6451,3.2966,,12.4443646430969
8.25572,1.74286,10.0032012462616
11.6997,3.93243,11.6310332298279
8.8737,,1.83916,9.24473693370819
7.43951,2.595,,,8.9132509469986
8.44088,0.753967,,,,9.56157557964325
7.40727,1.3707,,9.62081189155579
9.69597,2.45507,9.88727989196777
8.60152,2.50991,10.8085385799408
7.47933,1.51664,9.25564274787903
8.61596,1.22901,9.87502593994141
13.4316,2.48018,11.1454745292664
8.21125,1.31205,10.1813363075256
7.98597,1.58209,9.45625231266022
8.57359,0.985682,,,,9.70691378116608
6.82971,1.30994,9.7188488483429
8.45812,1.0866,,9.26073563098908
7.18682,1.47679,9.361328291893
11.0658,1.76618,10.1216788291931
12.4062,3.38362,10.7384892463684
16.2985,4.83487,10.2452526569366
18.6788,5.54145,11.2423279285431
11.4785,3.18801,9.56691181659698
8.47935,2.82255,12.0497464179993
12.2713,1.25583,10.6751857757568
8.83499,1.02544,9.59936721324921
8.3437,,1.24377,10.0263323783875
9.24405,1.4421,,9.60948204994202
7.35019,1.35947,10.1591389656067
8.39472,0.977523,,,,9.43379852771759
9.83716,4.76925,11.6166056156158
9.3248,,1.34026,9.21236226558685
21.8459,10.8534,20.0580741405487
19.645,,5.65731,15.089631652832
11.6737,2.1201,,10.2535792350769
8.50564,3.04726,7.69600241184235
6.71835,1.56334,10.2392774581909
9.49131,2.52457,9.19047939777374
7.32348,1.03406,9.63866682052612
8.60534,1.05329,9.40631692409515
7.54751,1.74602,9.80786347389221
9.23908,1.43487,10.2569867134094
7.865,,,1.33223,9.84688627719879
10.0939,1.53263,11.0210471153259
10.1501,3.19326,9.98369126319885
13.0053,2.83104,12.9694543838501
8.86262,4.87507,8.49701769351959
9.53466,2.51756,7.4085387468338
21.8882,9.58491,18.7566787242889
9.07023,1.61611,9.57512369155884
20.9989,5.96824,15.6745798110962
8.57151,1.35691,10.3612100124359
8.60853,2.03872,9.55096597671509
9.84412,2.23427,10.1308913230896
11.6102,2.67131,9.01854798793793
8.09803,2.06417,9.06944065093994
8.76718,2.00034,7.74274525642395
6.83895,1.02502,9.65056009292603
6.9783,,1.22007,9.92162427902221
8.58844,2.01381,10.5552213191986
9.3683,,1.31403,10.1314566612244
6.99654,1.2473,,9.82781066894531
14.9196,2.59401,11.940936756134
6.87777,1.15875,9.79063715934753
7.53156,0.888734,,,,9.5856692314148
8.11574,1.77645,9.50127742290497
8.9576,,1.66306,9.89455032348633
10.1676,2.65449,8.99451134204865
9.83951,2.94601,12.3140999794006
8.10114,2.61255,8.60963304042816
14.8139,5.14937,13.5645576477051
7.85806,1.62149,9.50167734622955
10.335,,3.5072,,9.41184630393982
8.59019,1.19043,9.72222907543183
7.25467,1.69861,8.97989656925201
11.6752,1.9402,,9.0583126783371
7.45746,1.41686,10.1299485683441
16.9581,4.81565,13.1605051040649
7.48029,1.2907,,9.97459049224854
8.49986,1.06573,9.4936936378479
14.1092,3.88119,10.6583673000336
8.80966,2.27693,8.93546175956726
7.7625,,2.78018,7.37278380393982
8.74839,2.06687,10.4191619873047
7.99015,1.31678,9.7926572561264
13.5869,5.96695,12.3440729618073
9.4077,,3.17513,8.3378791809082
17.4083,7.93876,14.7941283226013
11.4705,2.35357,9.46657664775848
18.1673,7.71407,14.1626250743866
13.3393,8.78122,13.2644392490387
19.8927,7.13773,13.0780443191528
14.1768,7.88246,13.6957849502563
7.11695,1.45978,9.25351815223694
9.01151,1.45947,10.138992524147
7.19946,1.11269,10.0200493574142
13.0509,5.97304,11.1619752407074
9.44383,2.01917,10.5702263355255
19.8237,8.76976,15.8769595146179
12.4342,4.78816,9.37447776794434
17.3035,5.14046,12.9482438087463
9.79096,4.85744,10.9940763950348
10.9766,2.10614,10.0264406919479
10.1052,3.60787,10.9412109851837
6.67708,1.07182,9.39500670433045
8.53152,2.49498,11.4239837646484
6.56725,1.96134,10.9568805217743
9.55823,5.75609,12.6689644813538
11.8104,2.77361,8.39519124031067
8.1184,,1.4456,,10.0922234535217
8.7105,,2.29218,11.076898765564
7.79922,2.83364,8.65220313072205
14.3559,6.72586,10.430921792984
9.05647,1.66604,9.41709091663361
11.3974,1.16075,9.92991964817047
7.99191,1.74773,10.502806854248
7.31281,1.63685,10.5400715827942
21.6058,9.56275,21.0725111961365
18.5463,7.43798,15.5325290203095
9.19528,2.01181,10.7147587776184
9.36744,1.55493,10.9009524345398
8.33098,1.23437,9.25003979206085
8.5572,,1.06676,9.54571669101715
9.46518,1.91616,11.0461751461029
12.1652,2.42456,10.0240550041199
10.8642,1.57425,9.72495069503784
6.83984,1.27678,9.55431025028229
8.54534,1.49447,10.063195514679
7.30358,0.86446,9.71920380592346
8.59345,1.10778,9.78182051181793
21.1269,3.19654,14.314204120636
11.9652,2.71858,10.0747498273849
15.7631,2.21446,12.3720910549164
15.0368,2.21832,12.144776391983
12.577,,4.14983,11.1666326522827
10.9694,4.9954,,9.56969592571259
10.4654,4.06265,13.0497447490692
6.92738,1.1759,,9.72182307243347
8.72473,1.23894,10.3154048442841
7.80507,0.879529,,,,10.0275755643845
7.84788,1.27577,9.7090411901474
8.82714,1.62944,10.0430493593216
18.6002,6.15084,14.4298170089722
22.327,,6.96493,16.865095949173
23.7249,4.41273,15.0097761631012
15.2956,5.73003,11.9966919898987
10.2366,2.59299,11.1741054058075
9.12971,1.81884,11.2164437294006
9.65287,1.52602,11.0993253231049
12.1133,1.55452,10.9931367397308
10.0408160829164,,,,3.38813293638313,,,,11.200620006109
